Bundesland,KW,Jahr,JahrKW,anzahl_moderna_auffr_praxen,anzahl_moderna_auffr_alleorte
Baden-Württemberg,1,2022,202201,77498,189404
Baden-Württemberg,1,2023,202301,0,8
Baden-Württemberg,2,2022,202202,116846,193329
Baden-Württemberg,2,2023,202302,1,24
Baden-Württemberg,3,2022,202203,75220,120691
Baden-Württemberg,4,2022,202204,40015,65546
Baden-Württemberg,5,2022,202205,21539,33620
Baden-Württemberg,6,2022,202206,12696,21589
Baden-Württemberg,7,2022,202207,12293,18384
Baden-Württemberg,8,2022,202208,8885,13720
Baden-Württemberg,9,2022,202209,6100,10995
Baden-Württemberg,10,2022,202210,8299,13895
Baden-Württemberg,11,2022,202211,7383,12765
Baden-Württemberg,12,2022,202212,6562,11996
Baden-Württemberg,13,2022,202213,7436,11710
Baden-Württemberg,14,2022,202214,7793,10860
Baden-Württemberg,15,2022,202215,3667,5377
Baden-Württemberg,16,2022,202216,2661,4705
Baden-Württemberg,17,2022,202217,3725,5777
Baden-Württemberg,18,2022,202218,3539,4558
Baden-Württemberg,19,2022,202219,2339,3218
Baden-Württemberg,20,2022,202220,2386,2988
Baden-Württemberg,21,2022,202221,1009,1671
Baden-Württemberg,22,2021,202122,0,3
Baden-Württemberg,22,2022,202222,1619,2429
Baden-Württemberg,23,2021,202123,0,6
Baden-Württemberg,23,2022,202223,756,1643
Baden-Württemberg,24,2021,202124,0,28
Baden-Württemberg,24,2022,202224,501,1851
Baden-Württemberg,25,2021,202125,0,5
Baden-Württemberg,25,2022,202225,1370,3061
Baden-Württemberg,26,2021,202126,0,6
Baden-Württemberg,26,2022,202226,1599,2810
Baden-Württemberg,27,2021,202127,0,11
Baden-Württemberg,27,2022,202227,1430,2820
Baden-Württemberg,28,2021,202128,0,12
Baden-Württemberg,28,2022,202228,2034,4484
Baden-Württemberg,29,2021,202129,0,8
Baden-Württemberg,29,2022,202229,2214,4334
Baden-Württemberg,30,2021,202130,0,8
Baden-Württemberg,30,2022,202230,1995,3664
Baden-Württemberg,31,2021,202131,0,5
Baden-Württemberg,31,2022,202231,1602,2689
Baden-Württemberg,32,2021,202132,0,6
Baden-Württemberg,32,2022,202232,1090,2084
Baden-Württemberg,33,2021,202133,0,4
Baden-Württemberg,33,2022,202233,920,1969
Baden-Württemberg,34,2021,202134,0,13
Baden-Württemberg,34,2022,202234,610,1736
Baden-Württemberg,35,2021,202135,17,836
Baden-Württemberg,35,2022,202235,707,1583
Baden-Württemberg,36,2021,202136,5,315
Baden-Württemberg,36,2022,202236,397,1187
Baden-Württemberg,37,2021,202137,44,652
Baden-Württemberg,37,2022,202237,933,3394
Baden-Württemberg,38,2021,202138,132,1169
Baden-Württemberg,38,2022,202238,1435,3334
Baden-Württemberg,39,2021,202139,138,1143
Baden-Württemberg,39,2022,202239,1181,2119
Baden-Württemberg,40,2021,202140,325,454
Baden-Württemberg,40,2022,202240,264,603
Baden-Württemberg,41,2021,202141,646,1171
Baden-Württemberg,41,2022,202241,103,144
Baden-Württemberg,42,2021,202142,1089,1788
Baden-Württemberg,42,2022,202242,36,56
Baden-Württemberg,43,2021,202143,1364,2787
Baden-Württemberg,43,2022,202243,60,74
Baden-Württemberg,44,2021,202144,1340,3236
Baden-Württemberg,44,2022,202244,10,72
Baden-Württemberg,45,2021,202145,3170,6872
Baden-Württemberg,45,2022,202245,49,58
Baden-Württemberg,46,2021,202146,5761,14605
Baden-Württemberg,46,2022,202246,33,39
Baden-Württemberg,47,2021,202147,23382,54788
Baden-Württemberg,47,2022,202247,34,38
Baden-Württemberg,48,2021,202148,146237,296179
Baden-Württemberg,48,2022,202248,150,193
Baden-Württemberg,49,2021,202149,268178,533343
Baden-Württemberg,49,2022,202249,55,65
Baden-Württemberg,50,2021,202150,282922,487576
Baden-Württemberg,50,2022,202250,8,26
Baden-Württemberg,51,2021,202151,162702,223418
Baden-Württemberg,51,2022,202251,12,13
Baden-Württemberg,52,2021,202152,96399,209448
Baden-Württemberg,52,2022,202252,10,19
Bayern,1,2022,202201,68418,200135
Bayern,1,2023,202301,0,1
Bayern,2,2022,202202,119536,235446
Bayern,2,2023,202302,1,7
Bayern,3,2022,202203,85877,154568
Bayern,4,2022,202204,49399,91956
Bayern,5,2022,202205,22921,43380
Bayern,6,2022,202206,14783,26502
Bayern,7,2022,202207,10038,17756
Bayern,8,2022,202208,6950,12442
Bayern,9,2022,202209,4041,9359
Bayern,10,2022,202210,6240,12149
Bayern,11,2022,202211,5716,12579
Bayern,12,2022,202212,5468,11548
Bayern,13,2022,202213,4925,11976
Bayern,14,2022,202214,5121,10602
Bayern,15,2022,202215,3011,6245
Bayern,16,2022,202216,2121,5098
Bayern,17,2022,202217,3097,6018
Bayern,18,2022,202218,2219,4438
Bayern,19,2022,202219,1793,3583
Bayern,20,2022,202220,1350,3085
Bayern,21,2022,202221,923,2292
Bayern,22,2021,202122,0,17
Bayern,22,2022,202222,1022,2371
Bayern,23,2021,202123,0,207
Bayern,23,2022,202223,370,1639
Bayern,24,2021,202124,0,51
Bayern,24,2022,202224,192,2298
Bayern,25,2021,202125,0,26
Bayern,25,2022,202225,729,3392
Bayern,26,2021,202126,0,20
Bayern,26,2022,202226,848,3055
Bayern,27,2021,202127,0,23
Bayern,27,2022,202227,990,3802
Bayern,28,2021,202128,0,12
Bayern,28,2022,202228,1012,6406
Bayern,29,2021,202129,0,24
Bayern,29,2022,202229,1289,5315
Bayern,30,2021,202130,0,31
Bayern,30,2022,202230,1260,4372
Bayern,31,2021,202131,0,22
Bayern,31,2022,202231,952,3182
Bayern,32,2021,202132,0,12
Bayern,32,2022,202232,763,2627
Bayern,33,2021,202133,0,17
Bayern,33,2022,202233,433,1970
Bayern,34,2021,202134,0,25
Bayern,34,2022,202234,397,2840
Bayern,35,2021,202135,1,318
Bayern,35,2022,202235,337,2530
Bayern,36,2021,202136,14,1228
Bayern,36,2022,202236,275,1728
Bayern,37,2021,202137,12,653
Bayern,37,2022,202237,784,4734
Bayern,38,2021,202138,36,1831
Bayern,38,2022,202238,878,2413
Bayern,39,2021,202139,10,1202
Bayern,39,2022,202239,733,1386
Bayern,40,2021,202140,241,1239
Bayern,40,2022,202240,228,634
Bayern,41,2021,202141,310,1725
Bayern,41,2022,202241,25,294
Bayern,42,2021,202142,468,1976
Bayern,42,2022,202242,14,73
Bayern,43,2021,202143,780,3054
Bayern,43,2022,202243,23,45
Bayern,44,2021,202144,704,4900
Bayern,44,2022,202244,3,18
Bayern,45,2021,202145,2278,10488
Bayern,45,2022,202245,51,60
Bayern,46,2021,202146,3432,17443
Bayern,46,2022,202246,9,37
Bayern,47,2021,202147,12963,71456
Bayern,47,2022,202247,6,29
Bayern,48,2021,202148,135041,317060
Bayern,48,2022,202248,7,40
Bayern,49,2021,202149,218731,463290
Bayern,49,2022,202249,77,81
Bayern,50,2021,202150,227865,451268
Bayern,50,2022,202250,3,18
Bayern,51,2021,202151,132527,250133
Bayern,51,2022,202251,4,6
Bayern,52,2021,202152,55718,186685
Bayern,52,2022,202252,0,2
Berlin,1,2022,202201,29561,78083
Berlin,1,2023,202301,8,8
Berlin,2,2022,202202,28386,64823
Berlin,2,2023,202302,5,6
Berlin,3,2022,202203,19732,41942
Berlin,4,2022,202204,23456,39718
Berlin,5,2022,202205,5802,12372
Berlin,6,2022,202206,5436,9464
Berlin,7,2022,202207,3777,6413
Berlin,8,2022,202208,2823,4665
Berlin,9,2022,202209,3317,4400
Berlin,10,2022,202210,1925,3053
Berlin,11,2022,202211,3678,4721
Berlin,12,2022,202212,2692,3630
Berlin,13,2022,202213,2695,3865
Berlin,14,2022,202214,3547,4481
Berlin,15,2022,202215,1450,1887
Berlin,16,2022,202216,975,1520
Berlin,17,2022,202217,2432,2864
Berlin,18,2022,202218,1628,2045
Berlin,19,2022,202219,790,1179
Berlin,20,2022,202220,631,1001
Berlin,21,2022,202221,404,632
Berlin,22,2022,202222,605,992
Berlin,23,2021,202123,0,1
Berlin,23,2022,202223,640,838
Berlin,24,2022,202224,800,1197
Berlin,25,2021,202125,0,1
Berlin,25,2022,202225,670,1176
Berlin,26,2021,202126,0,4
Berlin,26,2022,202226,896,1252
Berlin,27,2021,202127,0,1
Berlin,27,2022,202227,891,1334
Berlin,28,2021,202128,0,1
Berlin,28,2022,202228,732,1619
Berlin,29,2021,202129,0,2
Berlin,29,2022,202229,721,1293
Berlin,30,2021,202130,0,1
Berlin,30,2022,202230,518,893
Berlin,31,2021,202131,0,2
Berlin,31,2022,202231,386,676
Berlin,32,2021,202132,0,1
Berlin,32,2022,202232,409,751
Berlin,33,2021,202133,0,4
Berlin,33,2022,202233,524,730
Berlin,34,2021,202134,0,5
Berlin,34,2022,202234,553,595
Berlin,35,2021,202135,0,12
Berlin,35,2022,202235,505,630
Berlin,36,2021,202136,8,144
Berlin,36,2022,202236,284,425
Berlin,37,2021,202137,11,639
Berlin,37,2022,202237,544,845
Berlin,38,2021,202138,84,535
Berlin,38,2022,202238,584,924
Berlin,39,2021,202139,25,562
Berlin,39,2022,202239,1201,1253
Berlin,40,2021,202140,166,1162
Berlin,40,2022,202240,137,161
Berlin,41,2021,202141,181,1714
Berlin,41,2022,202241,97,144
Berlin,42,2021,202142,247,1883
Berlin,42,2022,202242,34,55
Berlin,43,2021,202143,528,3748
Berlin,43,2022,202243,19,44
Berlin,44,2021,202144,827,6001
Berlin,44,2022,202244,113,127
Berlin,45,2021,202145,1027,6835
Berlin,45,2022,202245,64,68
Berlin,46,2021,202146,2666,8302
Berlin,46,2022,202246,3,12
Berlin,47,2021,202147,5423,22080
Berlin,47,2022,202247,11,19
Berlin,48,2021,202148,34108,93902
Berlin,48,2022,202248,10,128
Berlin,49,2021,202149,56351,128087
Berlin,49,2022,202249,88,212
Berlin,50,2021,202150,56935,129900
Berlin,50,2022,202250,5,119
Berlin,51,2021,202151,29738,83625
Berlin,51,2022,202251,191,193
Berlin,52,2021,202152,12339,54499
Berlin,52,2022,202252,16,158
Brandenburg,1,2022,202201,27708,45306
Brandenburg,1,2023,202301,2,2
Brandenburg,2,2022,202202,31380,44518
Brandenburg,3,2022,202203,19571,28660
Brandenburg,4,2022,202204,13508,18356
Brandenburg,5,2022,202205,3824,5956
Brandenburg,6,2022,202206,4966,6399
Brandenburg,7,2022,202207,3187,3908
Brandenburg,8,2022,202208,2704,3366
Brandenburg,9,2022,202209,1994,2549
Brandenburg,10,2022,202210,2358,2810
Brandenburg,11,2022,202211,2339,3009
Brandenburg,12,2022,202212,2092,2520
Brandenburg,13,2022,202213,2091,2747
Brandenburg,14,2022,202214,2432,2847
Brandenburg,15,2022,202215,1248,1414
Brandenburg,16,2022,202216,863,1057
Brandenburg,17,2022,202217,1724,2004
Brandenburg,18,2022,202218,1189,1230
Brandenburg,19,2022,202219,804,860
Brandenburg,20,2022,202220,686,727
Brandenburg,21,2022,202221,338,344
Brandenburg,22,2022,202222,309,365
Brandenburg,23,2021,202123,0,1
Brandenburg,23,2022,202223,253,288
Brandenburg,24,2021,202124,0,1
Brandenburg,24,2022,202224,454,497
Brandenburg,25,2021,202125,0,3
Brandenburg,25,2022,202225,442,517
Brandenburg,26,2021,202126,0,2
Brandenburg,26,2022,202226,412,454
Brandenburg,27,2021,202127,0,1
Brandenburg,27,2022,202227,417,540
Brandenburg,28,2021,202128,0,1
Brandenburg,28,2022,202228,507,526
Brandenburg,29,2022,202229,447,619
Brandenburg,30,2021,202130,0,1
Brandenburg,30,2022,202230,320,474
Brandenburg,31,2021,202131,0,1
Brandenburg,31,2022,202231,318,365
Brandenburg,32,2021,202132,0,2
Brandenburg,32,2022,202232,212,217
Brandenburg,33,2021,202133,0,2
Brandenburg,33,2022,202233,240,294
Brandenburg,34,2021,202134,0,1
Brandenburg,34,2022,202234,638,693
Brandenburg,35,2021,202135,0,13
Brandenburg,35,2022,202235,298,330
Brandenburg,36,2021,202136,8,14
Brandenburg,36,2022,202236,378,449
Brandenburg,37,2021,202137,0,41
Brandenburg,37,2022,202237,467,503
Brandenburg,38,2021,202138,9,63
Brandenburg,38,2022,202238,650,745
Brandenburg,39,2021,202139,5,31
Brandenburg,39,2022,202239,467,470
Brandenburg,40,2021,202140,35,46
Brandenburg,40,2022,202240,8,11
Brandenburg,41,2021,202141,68,93
Brandenburg,41,2022,202241,48,58
Brandenburg,42,2021,202142,57,87
Brandenburg,42,2022,202242,34,45
Brandenburg,43,2021,202143,320,373
Brandenburg,43,2022,202243,20,20
Brandenburg,44,2021,202144,765,696
Brandenburg,44,2022,202244,0,4
Brandenburg,45,2021,202145,1021,1192
Brandenburg,45,2022,202245,25,25
Brandenburg,46,2021,202146,2202,2572
Brandenburg,46,2022,202246,37,37
Brandenburg,47,2021,202147,4497,7007
Brandenburg,47,2022,202247,5,8
Brandenburg,48,2021,202148,32955,53358
Brandenburg,48,2022,202248,28,32
Brandenburg,49,2021,202149,56329,86896
Brandenburg,49,2022,202249,16,16
Brandenburg,50,2021,202150,51871,84451
Brandenburg,50,2022,202250,29,32
Brandenburg,51,2021,202151,27058,45264
Brandenburg,51,2022,202251,1,1
Brandenburg,52,2021,202152,9450,29723
Brandenburg,52,2022,202252,10,10
Bremen,1,2022,202201,6211,25150
Bremen,1,2023,202301,0,4
Bremen,2,2022,202202,5886,20594
Bremen,3,2022,202203,4504,14310
Bremen,4,2022,202204,2327,7804
Bremen,5,2022,202205,1259,2961
Bremen,6,2022,202206,989,1875
Bremen,7,2022,202207,674,1298
Bremen,8,2022,202208,616,1154
Bremen,9,2022,202209,608,1052
Bremen,10,2022,202210,644,1225
Bremen,11,2022,202211,601,1335
Bremen,12,2022,202212,686,1425
Bremen,13,2022,202213,514,1269
Bremen,14,2022,202214,480,1120
Bremen,15,2022,202215,199,534
Bremen,16,2022,202216,321,740
Bremen,17,2022,202217,369,643
Bremen,18,2022,202218,254,608
Bremen,19,2022,202219,233,501
Bremen,20,2022,202220,127,291
Bremen,21,2022,202221,142,352
Bremen,22,2022,202222,142,391
Bremen,23,2021,202123,0,1
Bremen,23,2022,202223,149,553
Bremen,24,2022,202224,45,557
Bremen,25,2022,202225,75,628
Bremen,26,2022,202226,67,612
Bremen,27,2021,202127,0,2
Bremen,27,2022,202227,38,727
Bremen,28,2021,202128,0,3
Bremen,28,2022,202228,90,873
Bremen,29,2022,202229,30,532
Bremen,30,2021,202130,0,1
Bremen,30,2022,202230,9,573
Bremen,31,2021,202131,0,1
Bremen,31,2022,202231,0,398
Bremen,32,2022,202232,0,239
Bremen,33,2021,202133,0,1
Bremen,33,2022,202233,24,235
Bremen,34,2021,202134,0,1
Bremen,34,2022,202234,17,228
Bremen,35,2021,202135,0,2
Bremen,35,2022,202235,67,281
Bremen,36,2021,202136,0,2356
Bremen,36,2022,202236,29,182
Bremen,37,2021,202137,0,257
Bremen,37,2022,202237,11,685
Bremen,38,2021,202138,1,5
Bremen,38,2022,202238,42,326
Bremen,39,2021,202139,0,11
Bremen,39,2022,202239,38,69
Bremen,40,2021,202140,15,17
Bremen,40,2022,202240,14,48
Bremen,41,2021,202141,8,2
Bremen,41,2022,202241,0,14
Bremen,42,2021,202142,9,7
Bremen,42,2022,202242,0,2
Bremen,43,2021,202143,11,21
Bremen,43,2022,202243,0,3
Bremen,44,2021,202144,50,54
Bremen,44,2022,202244,0,1
Bremen,45,2021,202145,75,145
Bremen,46,2021,202146,76,470
Bremen,47,2021,202147,95,671
Bremen,48,2021,202148,2811,10037
Bremen,49,2021,202149,9348,23874
Bremen,49,2022,202249,0,1
Bremen,50,2021,202150,11127,33564
Bremen,50,2022,202250,0,3
Bremen,51,2021,202151,6507,20032
Bremen,52,2021,202152,2616,16798
Bundesressorts,1,2022,202201,0,1417
Bundesressorts,2,2022,202202,0,1766
Bundesressorts,3,2022,202203,0,1213
Bundesressorts,4,2022,202204,0,620
Bundesressorts,5,2022,202205,0,248
Bundesressorts,6,2022,202206,0,84
Bundesressorts,7,2022,202207,0,98
Bundesressorts,8,2022,202208,0,92
Bundesressorts,9,2022,202209,0,87
Bundesressorts,10,2022,202210,0,6
Bundesressorts,11,2022,202211,0,21
Bundesressorts,12,2022,202212,0,2
Bundesressorts,13,2022,202213,0,32
Bundesressorts,16,2022,202216,0,5
Bundesressorts,18,2022,202218,0,1
Bundesressorts,19,2022,202219,0,13
Bundesressorts,20,2022,202220,0,2
Bundesressorts,22,2021,202122,0,2
Bundesressorts,23,2021,202123,0,3
Bundesressorts,23,2022,202223,0,7
Bundesressorts,24,2021,202124,0,2
Bundesressorts,24,2022,202224,0,2
Bundesressorts,25,2022,202225,0,1
Bundesressorts,26,2021,202126,0,2
Bundesressorts,28,2022,202228,0,7
Bundesressorts,31,2021,202131,0,1
Bundesressorts,34,2022,202234,0,1
Bundesressorts,35,2021,202135,0,1
Bundesressorts,35,2022,202235,0,2
Bundesressorts,36,2021,202136,0,5
Bundesressorts,37,2021,202137,0,6
Bundesressorts,38,2021,202138,0,3
Bundesressorts,39,2021,202139,0,10
Bundesressorts,40,2021,202140,0,4
Bundesressorts,41,2021,202141,0,4
Bundesressorts,42,2021,202142,0,18
Bundesressorts,43,2021,202143,0,28
Bundesressorts,44,2021,202144,0,62
Bundesressorts,45,2021,202145,0,141
Bundesressorts,46,2021,202146,0,973
Bundesressorts,47,2021,202147,0,2573
Bundesressorts,48,2021,202148,0,6047
Bundesressorts,49,2021,202149,0,7386
Bundesressorts,50,2021,202150,0,7778
Bundesressorts,51,2021,202151,0,1361
Bundesressorts,52,2021,202152,0,37
Hamburg,1,2022,202201,32954,53483
Hamburg,1,2023,202301,2,2
Hamburg,2,2022,202202,34283,55554
Hamburg,3,2022,202203,24418,39030
Hamburg,4,2022,202204,14800,20052
Hamburg,5,2022,202205,7415,10885
Hamburg,6,2022,202206,6059,7445
Hamburg,7,2022,202207,4667,5599
Hamburg,8,2022,202208,8329,9595
Hamburg,9,2022,202209,5944,7378
Hamburg,10,2022,202210,3141,4915
Hamburg,11,2022,202211,3460,5178
Hamburg,12,2022,202212,3587,4918
Hamburg,13,2022,202213,3340,4676
Hamburg,14,2022,202214,3887,4870
Hamburg,15,2022,202215,1993,2460
Hamburg,16,2022,202216,1833,2530
Hamburg,17,2022,202217,2872,3465
Hamburg,18,2022,202218,1711,1906
Hamburg,19,2022,202219,1501,1664
Hamburg,20,2022,202220,767,985
Hamburg,21,2022,202221,345,440
Hamburg,22,2021,202122,0,2
Hamburg,22,2022,202222,596,863
Hamburg,23,2022,202223,333,495
Hamburg,24,2021,202124,0,1
Hamburg,24,2022,202224,770,992
Hamburg,25,2022,202225,886,1050
Hamburg,26,2021,202126,0,1
Hamburg,26,2022,202226,1016,1309
Hamburg,27,2022,202227,502,698
Hamburg,28,2021,202128,0,2
Hamburg,28,2022,202228,499,872
Hamburg,29,2021,202129,0,1
Hamburg,29,2022,202229,460,731
Hamburg,30,2021,202130,0,1
Hamburg,30,2022,202230,447,640
Hamburg,31,2021,202131,0,2
Hamburg,31,2022,202231,384,801
Hamburg,32,2021,202132,0,1
Hamburg,32,2022,202232,266,354
Hamburg,33,2022,202233,161,268
Hamburg,34,2022,202234,427,531
Hamburg,35,2021,202135,4,5
Hamburg,35,2022,202235,201,436
Hamburg,36,2021,202136,2,34
Hamburg,36,2022,202236,117,191
Hamburg,37,2021,202137,15,125
Hamburg,37,2022,202237,162,307
Hamburg,38,2021,202138,7,534
Hamburg,38,2022,202238,312,454
Hamburg,39,2021,202139,9,493
Hamburg,39,2022,202239,353,427
Hamburg,40,2021,202140,17,1631
Hamburg,40,2022,202240,121,507
Hamburg,41,2021,202141,69,1454
Hamburg,41,2022,202241,160,185
Hamburg,42,2021,202142,160,1247
Hamburg,42,2022,202242,24,62
Hamburg,43,2021,202143,329,814
Hamburg,43,2022,202243,33,33
Hamburg,44,2021,202144,242,979
Hamburg,44,2022,202244,108,116
Hamburg,45,2021,202145,430,1231
Hamburg,45,2022,202245,8,12
Hamburg,46,2021,202146,708,3051
Hamburg,46,2022,202246,0,2
Hamburg,47,2021,202147,1487,7154
Hamburg,47,2022,202247,23,23
Hamburg,48,2021,202148,17446,33973
Hamburg,48,2022,202248,1,3
Hamburg,49,2021,202149,32715,61158
Hamburg,49,2022,202249,3,4
Hamburg,50,2021,202150,41583,69496
Hamburg,50,2022,202250,7,7
Hamburg,51,2021,202151,24579,43287
Hamburg,51,2022,202251,26,27
Hamburg,52,2021,202152,17246,28869
Hessen,1,2022,202201,55809,124637
Hessen,1,2023,202301,9,32
Hessen,2,2022,202202,67919,129977
Hessen,2,2023,202302,0,19
Hessen,3,2022,202203,47148,86941
Hessen,4,2022,202204,27868,48677
Hessen,5,2022,202205,14367,23744
Hessen,6,2022,202206,8504,13572
Hessen,7,2022,202207,7891,11231
Hessen,8,2022,202208,4992,7739
Hessen,9,2022,202209,5212,7819
Hessen,10,2022,202210,4785,7765
Hessen,11,2022,202211,4794,8182
Hessen,12,2022,202212,5010,8143
Hessen,13,2022,202213,4663,8200
Hessen,14,2022,202214,5032,7766
Hessen,15,2022,202215,2323,3767
Hessen,16,2022,202216,2179,3765
Hessen,17,2022,202217,3207,4941
Hessen,18,2022,202218,2152,3177
Hessen,19,2022,202219,1678,2683
Hessen,20,2022,202220,1628,2507
Hessen,21,2022,202221,933,1631
Hessen,22,2021,202122,0,2
Hessen,22,2022,202222,818,1605
Hessen,23,2021,202123,0,5
Hessen,23,2022,202223,643,1361
Hessen,24,2021,202124,0,7
Hessen,24,2022,202224,662,1747
Hessen,25,2021,202125,0,5
Hessen,25,2022,202225,921,2222
Hessen,26,2021,202126,0,2
Hessen,26,2022,202226,1253,2331
Hessen,27,2021,202127,0,21
Hessen,27,2022,202227,991,2209
Hessen,28,2021,202128,0,6
Hessen,28,2022,202228,962,3368
Hessen,29,2021,202129,0,3
Hessen,29,2022,202229,1056,2601
Hessen,30,2021,202130,0,2
Hessen,30,2022,202230,739,1986
Hessen,31,2021,202131,0,1
Hessen,31,2022,202231,527,1355
Hessen,32,2021,202132,0,3
Hessen,32,2022,202232,429,1112
Hessen,33,2021,202133,0,2
Hessen,33,2022,202233,322,963
Hessen,34,2021,202134,0,4
Hessen,34,2022,202234,501,1161
Hessen,35,2021,202135,0,535
Hessen,35,2022,202235,414,1003
Hessen,36,2021,202136,4,1792
Hessen,36,2022,202236,300,698
Hessen,37,2021,202137,8,1476
Hessen,37,2022,202237,658,968
Hessen,38,2021,202138,95,2074
Hessen,38,2022,202238,616,754
Hessen,39,2021,202139,9,867
Hessen,39,2022,202239,674,705
Hessen,40,2021,202140,45,181
Hessen,40,2022,202240,155,162
Hessen,41,2021,202141,84,336
Hessen,41,2022,202241,30,62
Hessen,42,2021,202142,330,663
Hessen,42,2022,202242,64,68
Hessen,43,2021,202143,222,1008
Hessen,43,2022,202243,124,128
Hessen,44,2021,202144,656,1380
Hessen,44,2022,202244,21,39
Hessen,45,2021,202145,666,2251
Hessen,46,2021,202146,1390,5876
Hessen,46,2022,202246,10,14
Hessen,47,2021,202147,5574,23120
Hessen,47,2022,202247,4,15
Hessen,48,2021,202148,72652,135728
Hessen,48,2022,202248,17,39
Hessen,49,2021,202149,128187,246351
Hessen,49,2022,202249,41,56
Hessen,50,2021,202150,135097,262709
Hessen,50,2022,202250,9,12
Hessen,51,2021,202151,71709,135041
Hessen,51,2022,202251,20,24
Hessen,52,2021,202152,39239,103889
Mecklenburg-Vorpommern,1,2022,202201,17531,40213
Mecklenburg-Vorpommern,2,2022,202202,17821,36336
Mecklenburg-Vorpommern,3,2022,202203,11278,22988
Mecklenburg-Vorpommern,4,2022,202204,6247,13178
Mecklenburg-Vorpommern,5,2022,202205,3144,6885
Mecklenburg-Vorpommern,6,2022,202206,1420,3682
Mecklenburg-Vorpommern,7,2022,202207,949,2247
Mecklenburg-Vorpommern,8,2022,202208,1142,2000
Mecklenburg-Vorpommern,9,2022,202209,837,1818
Mecklenburg-Vorpommern,10,2022,202210,871,1761
Mecklenburg-Vorpommern,11,2022,202211,689,1779
Mecklenburg-Vorpommern,12,2022,202212,801,1679
Mecklenburg-Vorpommern,13,2022,202213,1126,2046
Mecklenburg-Vorpommern,14,2022,202214,961,2830
Mecklenburg-Vorpommern,15,2022,202215,574,1737
Mecklenburg-Vorpommern,16,2022,202216,722,1753
Mecklenburg-Vorpommern,17,2022,202217,864,1828
Mecklenburg-Vorpommern,18,2022,202218,674,928
Mecklenburg-Vorpommern,19,2022,202219,470,677
Mecklenburg-Vorpommern,20,2022,202220,472,640
Mecklenburg-Vorpommern,21,2022,202221,140,225
Mecklenburg-Vorpommern,22,2021,202122,0,1
Mecklenburg-Vorpommern,22,2022,202222,202,342
Mecklenburg-Vorpommern,23,2022,202223,120,214
Mecklenburg-Vorpommern,24,2021,202124,0,2
Mecklenburg-Vorpommern,24,2022,202224,250,536
Mecklenburg-Vorpommern,25,2022,202225,203,458
Mecklenburg-Vorpommern,26,2022,202226,293,433
Mecklenburg-Vorpommern,27,2022,202227,121,351
Mecklenburg-Vorpommern,28,2021,202128,0,1
Mecklenburg-Vorpommern,28,2022,202228,86,413
Mecklenburg-Vorpommern,29,2022,202229,124,348
Mecklenburg-Vorpommern,30,2022,202230,101,328
Mecklenburg-Vorpommern,31,2022,202231,27,222
Mecklenburg-Vorpommern,32,2022,202232,82,284
Mecklenburg-Vorpommern,33,2021,202133,0,36
Mecklenburg-Vorpommern,33,2022,202233,39,187
Mecklenburg-Vorpommern,34,2021,202134,0,1
Mecklenburg-Vorpommern,34,2022,202234,146,290
Mecklenburg-Vorpommern,35,2021,202135,0,13
Mecklenburg-Vorpommern,35,2022,202235,97,213
Mecklenburg-Vorpommern,36,2021,202136,0,16
Mecklenburg-Vorpommern,36,2022,202236,109,204
Mecklenburg-Vorpommern,37,2021,202137,5,8
Mecklenburg-Vorpommern,37,2022,202237,158,223
Mecklenburg-Vorpommern,38,2021,202138,0,1
Mecklenburg-Vorpommern,38,2022,202238,263,309
Mecklenburg-Vorpommern,39,2021,202139,1,50
Mecklenburg-Vorpommern,39,2022,202239,158,163
Mecklenburg-Vorpommern,40,2021,202140,0,28
Mecklenburg-Vorpommern,40,2022,202240,18,39
Mecklenburg-Vorpommern,41,2021,202141,26,24
Mecklenburg-Vorpommern,41,2022,202241,1,12
Mecklenburg-Vorpommern,42,2021,202142,59,278
Mecklenburg-Vorpommern,42,2022,202242,26,38
Mecklenburg-Vorpommern,43,2021,202143,95,278
Mecklenburg-Vorpommern,43,2022,202243,0,1
Mecklenburg-Vorpommern,44,2021,202144,300,636
Mecklenburg-Vorpommern,44,2022,202244,0,7
Mecklenburg-Vorpommern,45,2021,202145,413,800
Mecklenburg-Vorpommern,45,2022,202245,1,3
Mecklenburg-Vorpommern,46,2021,202146,524,1509
Mecklenburg-Vorpommern,46,2022,202246,5,5
Mecklenburg-Vorpommern,47,2021,202147,1249,2958
Mecklenburg-Vorpommern,47,2022,202247,2,3
Mecklenburg-Vorpommern,48,2021,202148,13302,34033
Mecklenburg-Vorpommern,48,2022,202248,7,7
Mecklenburg-Vorpommern,49,2021,202149,26472,54651
Mecklenburg-Vorpommern,50,2021,202150,23714,56857
Mecklenburg-Vorpommern,51,2021,202151,12423,30801
Mecklenburg-Vorpommern,51,2022,202251,3,3
Mecklenburg-Vorpommern,52,2021,202152,7519,23296
Niedersachsen,1,2022,202201,104691,189392
Niedersachsen,2,2022,202202,100953,153461
Niedersachsen,2,2023,202302,16,11
Niedersachsen,3,2022,202203,66184,98362
Niedersachsen,4,2022,202204,40570,61506
Niedersachsen,5,2022,202205,20322,31702
Niedersachsen,6,2022,202206,16944,24693
Niedersachsen,7,2022,202207,14428,20273
Niedersachsen,8,2022,202208,12314,17444
Niedersachsen,9,2022,202209,12601,18439
Niedersachsen,10,2022,202210,12584,19281
Niedersachsen,11,2022,202211,13434,22170
Niedersachsen,12,2022,202212,12540,20142
Niedersachsen,13,2022,202213,11456,19719
Niedersachsen,14,2022,202214,9189,16379
Niedersachsen,15,2022,202215,4765,8356
Niedersachsen,16,2022,202216,6240,9494
Niedersachsen,17,2022,202217,6856,11067
Niedersachsen,18,2022,202218,5102,7658
Niedersachsen,19,2022,202219,4197,6248
Niedersachsen,20,2022,202220,3065,4903
Niedersachsen,21,2022,202221,1186,2357
Niedersachsen,22,2021,202122,0,23
Niedersachsen,22,2022,202222,1443,2954
Niedersachsen,23,2021,202123,0,49
Niedersachsen,23,2022,202223,1335,3173
Niedersachsen,24,2021,202124,0,26
Niedersachsen,24,2022,202224,1465,4638
Niedersachsen,25,2021,202125,0,10
Niedersachsen,25,2022,202225,1832,4517
Niedersachsen,26,2021,202126,0,9
Niedersachsen,26,2022,202226,1813,3889
Niedersachsen,27,2021,202127,0,11
Niedersachsen,27,2022,202227,1684,4406
Niedersachsen,28,2021,202128,0,33
Niedersachsen,28,2022,202228,1937,6155
Niedersachsen,29,2021,202129,0,17
Niedersachsen,29,2022,202229,1452,4417
Niedersachsen,30,2021,202130,0,10
Niedersachsen,30,2022,202230,1052,3404
Niedersachsen,31,2021,202131,0,22
Niedersachsen,31,2022,202231,636,2462
Niedersachsen,32,2021,202132,0,107
Niedersachsen,32,2022,202232,659,2066
Niedersachsen,33,2021,202133,0,332
Niedersachsen,33,2022,202233,791,1899
Niedersachsen,34,2021,202134,0,48
Niedersachsen,34,2022,202234,776,2237
Niedersachsen,35,2021,202135,1,149
Niedersachsen,35,2022,202235,742,1855
Niedersachsen,36,2021,202136,0,111
Niedersachsen,36,2022,202236,627,1437
Niedersachsen,37,2021,202137,2,110
Niedersachsen,37,2022,202237,1039,2022
Niedersachsen,38,2021,202138,11,19
Niedersachsen,38,2022,202238,865,1278
Niedersachsen,39,2021,202139,19,56
Niedersachsen,39,2022,202239,1017,1145
Niedersachsen,40,2021,202140,205,307
Niedersachsen,40,2022,202240,224,316
Niedersachsen,41,2021,202141,429,457
Niedersachsen,41,2022,202241,113,132
Niedersachsen,42,2021,202142,271,305
Niedersachsen,42,2022,202242,38,77
Niedersachsen,43,2021,202143,641,613
Niedersachsen,43,2022,202243,57,86
Niedersachsen,44,2021,202144,989,1193
Niedersachsen,44,2022,202244,9,11
Niedersachsen,45,2021,202145,1677,2237
Niedersachsen,45,2022,202245,1,5
Niedersachsen,46,2021,202146,3781,4972
Niedersachsen,46,2022,202246,28,31
Niedersachsen,47,2021,202147,9594,14672
Niedersachsen,47,2022,202247,0,1
Niedersachsen,48,2021,202148,103873,193805
Niedersachsen,48,2022,202248,20,35
Niedersachsen,49,2021,202149,231194,423461
Niedersachsen,49,2022,202249,22,24
Niedersachsen,50,2021,202150,257469,451861
Niedersachsen,50,2022,202250,39,75
Niedersachsen,51,2021,202151,138237,225148
Niedersachsen,51,2022,202251,4,5
Niedersachsen,52,2021,202152,78247,155218
Niedersachsen,52,2022,202252,0,4
Nordrhein-Westfalen,1,2022,202201,183044,303324
Nordrhein-Westfalen,1,2023,202301,0,3
Nordrhein-Westfalen,2,2022,202202,213026,337297
Nordrhein-Westfalen,2,2023,202302,208,90
Nordrhein-Westfalen,3,2022,202203,147737,234385
Nordrhein-Westfalen,4,2022,202204,91260,139990
Nordrhein-Westfalen,5,2022,202205,49134,75951
Nordrhein-Westfalen,6,2022,202206,36767,54509
Nordrhein-Westfalen,7,2022,202207,31685,41986
Nordrhein-Westfalen,8,2022,202208,27186,35853
Nordrhein-Westfalen,9,2022,202209,26773,35854
Nordrhein-Westfalen,10,2022,202210,32098,41037
Nordrhein-Westfalen,11,2022,202211,33957,43038
Nordrhein-Westfalen,12,2022,202212,31634,40246
Nordrhein-Westfalen,13,2022,202213,32007,41496
Nordrhein-Westfalen,14,2022,202214,31957,39921
Nordrhein-Westfalen,15,2022,202215,16168,19760
Nordrhein-Westfalen,16,2022,202216,13845,18252
Nordrhein-Westfalen,17,2022,202217,19253,23587
Nordrhein-Westfalen,18,2022,202218,15438,18537
Nordrhein-Westfalen,19,2022,202219,11659,14042
Nordrhein-Westfalen,20,2022,202220,9244,11638
Nordrhein-Westfalen,21,2022,202221,5920,7725
Nordrhein-Westfalen,22,2021,202122,0,30
Nordrhein-Westfalen,22,2022,202222,5874,7934
Nordrhein-Westfalen,23,2021,202123,0,57
Nordrhein-Westfalen,23,2022,202223,4168,6239
Nordrhein-Westfalen,24,2021,202124,0,60
Nordrhein-Westfalen,24,2022,202224,3286,5853
Nordrhein-Westfalen,25,2021,202125,0,58
Nordrhein-Westfalen,25,2022,202225,6106,9597
Nordrhein-Westfalen,26,2021,202126,0,50
Nordrhein-Westfalen,26,2022,202226,4541,7006
Nordrhein-Westfalen,27,2021,202127,0,77
Nordrhein-Westfalen,27,2022,202227,4297,6371
Nordrhein-Westfalen,28,2021,202128,0,65
Nordrhein-Westfalen,28,2022,202228,4187,7954
Nordrhein-Westfalen,29,2021,202129,0,26
Nordrhein-Westfalen,29,2022,202229,3253,6146
Nordrhein-Westfalen,30,2021,202130,0,131
Nordrhein-Westfalen,30,2022,202230,3442,5965
Nordrhein-Westfalen,31,2021,202131,0,238
Nordrhein-Westfalen,31,2022,202231,3224,5175
Nordrhein-Westfalen,32,2021,202132,0,243
Nordrhein-Westfalen,32,2022,202232,3660,5303
Nordrhein-Westfalen,33,2021,202133,0,128
Nordrhein-Westfalen,33,2022,202233,3138,4577
Nordrhein-Westfalen,34,2021,202134,0,117
Nordrhein-Westfalen,34,2022,202234,3204,5016
Nordrhein-Westfalen,35,2021,202135,33,316
Nordrhein-Westfalen,35,2022,202235,2014,3041
Nordrhein-Westfalen,36,2021,202136,51,312
Nordrhein-Westfalen,36,2022,202236,1861,2784
Nordrhein-Westfalen,37,2021,202137,67,634
Nordrhein-Westfalen,37,2022,202237,2430,4373
Nordrhein-Westfalen,38,2021,202138,10,609
Nordrhein-Westfalen,38,2022,202238,2813,4005
Nordrhein-Westfalen,39,2021,202139,187,524
Nordrhein-Westfalen,39,2022,202239,2570,3080
Nordrhein-Westfalen,40,2021,202140,590,824
Nordrhein-Westfalen,40,2022,202240,436,892
Nordrhein-Westfalen,41,2021,202141,796,982
Nordrhein-Westfalen,41,2022,202241,213,593
Nordrhein-Westfalen,42,2021,202142,686,1101
Nordrhein-Westfalen,42,2022,202242,180,375
Nordrhein-Westfalen,43,2021,202143,2149,3605
Nordrhein-Westfalen,43,2022,202243,156,428
Nordrhein-Westfalen,44,2021,202144,2520,3925
Nordrhein-Westfalen,44,2022,202244,122,269
Nordrhein-Westfalen,45,2021,202145,3330,7849
Nordrhein-Westfalen,45,2022,202245,132,306
Nordrhein-Westfalen,46,2021,202146,7286,13598
Nordrhein-Westfalen,46,2022,202246,186,429
Nordrhein-Westfalen,47,2021,202147,36494,70163
Nordrhein-Westfalen,47,2022,202247,91,265
Nordrhein-Westfalen,48,2021,202148,352047,617345
Nordrhein-Westfalen,48,2022,202248,49,181
Nordrhein-Westfalen,49,2021,202149,546584,880475
Nordrhein-Westfalen,49,2022,202249,75,197
Nordrhein-Westfalen,50,2021,202150,549517,821522
Nordrhein-Westfalen,50,2022,202250,33,181
Nordrhein-Westfalen,51,2021,202151,227144,348471
Nordrhein-Westfalen,51,2022,202251,75,174
Nordrhein-Westfalen,52,2021,202152,107361,220243
Nordrhein-Westfalen,52,2022,202252,3,203
Rheinland-Pfalz,1,2022,202201,57096,103958
Rheinland-Pfalz,2,2022,202202,45835,75927
Rheinland-Pfalz,3,2022,202203,30560,49976
Rheinland-Pfalz,4,2022,202204,18855,27003
Rheinland-Pfalz,5,2022,202205,9070,13757
Rheinland-Pfalz,6,2022,202206,6285,9989
Rheinland-Pfalz,7,2022,202207,6338,9197
Rheinland-Pfalz,8,2022,202208,3609,6112
Rheinland-Pfalz,9,2022,202209,4404,6971
Rheinland-Pfalz,10,2022,202210,4277,8037
Rheinland-Pfalz,11,2022,202211,4959,8210
Rheinland-Pfalz,12,2022,202212,4424,7500
Rheinland-Pfalz,13,2022,202213,3868,6784
Rheinland-Pfalz,14,2022,202214,4046,6427
Rheinland-Pfalz,15,2022,202215,2077,3382
Rheinland-Pfalz,16,2022,202216,1508,2516
Rheinland-Pfalz,17,2022,202217,2363,3611
Rheinland-Pfalz,18,2022,202218,1578,2334
Rheinland-Pfalz,19,2022,202219,1520,2200
Rheinland-Pfalz,20,2022,202220,1100,1658
Rheinland-Pfalz,21,2022,202221,719,1130
Rheinland-Pfalz,22,2021,202122,0,3
Rheinland-Pfalz,22,2022,202222,746,1217
Rheinland-Pfalz,23,2021,202123,0,12
Rheinland-Pfalz,23,2022,202223,499,848
Rheinland-Pfalz,24,2021,202124,0,8
Rheinland-Pfalz,24,2022,202224,498,913
Rheinland-Pfalz,25,2021,202125,0,8
Rheinland-Pfalz,25,2022,202225,515,1310
Rheinland-Pfalz,26,2021,202126,0,8
Rheinland-Pfalz,26,2022,202226,420,940
Rheinland-Pfalz,27,2021,202127,0,14
Rheinland-Pfalz,27,2022,202227,503,1097
Rheinland-Pfalz,28,2021,202128,0,5
Rheinland-Pfalz,28,2022,202228,479,1673
Rheinland-Pfalz,29,2021,202129,0,13
Rheinland-Pfalz,29,2022,202229,517,2005
Rheinland-Pfalz,30,2021,202130,0,4
Rheinland-Pfalz,30,2022,202230,375,959
Rheinland-Pfalz,31,2021,202131,0,3
Rheinland-Pfalz,31,2022,202231,308,838
Rheinland-Pfalz,32,2021,202132,0,7
Rheinland-Pfalz,32,2022,202232,309,934
Rheinland-Pfalz,33,2021,202133,0,1
Rheinland-Pfalz,33,2022,202233,353,865
Rheinland-Pfalz,34,2021,202134,0,4
Rheinland-Pfalz,34,2022,202234,189,737
Rheinland-Pfalz,35,2021,202135,19,53
Rheinland-Pfalz,35,2022,202235,183,476
Rheinland-Pfalz,36,2021,202136,8,37
Rheinland-Pfalz,36,2022,202236,217,448
Rheinland-Pfalz,37,2021,202137,6,81
Rheinland-Pfalz,37,2022,202237,275,328
Rheinland-Pfalz,38,2021,202138,6,379
Rheinland-Pfalz,38,2022,202238,489,506
Rheinland-Pfalz,39,2021,202139,29,86
Rheinland-Pfalz,39,2022,202239,187,196
Rheinland-Pfalz,40,2021,202140,100,290
Rheinland-Pfalz,40,2022,202240,10,13
Rheinland-Pfalz,41,2021,202141,168,305
Rheinland-Pfalz,41,2022,202241,21,41
Rheinland-Pfalz,42,2021,202142,326,379
Rheinland-Pfalz,42,2022,202242,3,6
Rheinland-Pfalz,43,2021,202143,168,290
Rheinland-Pfalz,43,2022,202243,9,14
Rheinland-Pfalz,44,2021,202144,516,538
Rheinland-Pfalz,44,2022,202244,0,3
Rheinland-Pfalz,45,2021,202145,924,1067
Rheinland-Pfalz,45,2022,202245,23,34
Rheinland-Pfalz,46,2021,202146,1515,1715
Rheinland-Pfalz,46,2022,202246,0,1
Rheinland-Pfalz,47,2021,202147,5183,7796
Rheinland-Pfalz,47,2022,202247,5,8
Rheinland-Pfalz,48,2021,202148,53836,88795
Rheinland-Pfalz,48,2022,202248,5,7
Rheinland-Pfalz,49,2021,202149,106034,181498
Rheinland-Pfalz,49,2022,202249,14,15
Rheinland-Pfalz,50,2021,202150,114110,198213
Rheinland-Pfalz,50,2022,202250,8,8
Rheinland-Pfalz,51,2021,202151,59718,96864
Rheinland-Pfalz,51,2022,202251,8,10
Rheinland-Pfalz,52,2021,202152,20308,70005
Saarland,1,2022,202201,15941,31687
Saarland,2,2022,202202,11025,21484
Saarland,3,2022,202203,6042,11884
Saarland,4,2022,202204,2988,6125
Saarland,5,2022,202205,1469,3264
Saarland,6,2022,202206,1309,2395
Saarland,7,2022,202207,1022,1666
Saarland,8,2022,202208,687,1245
Saarland,9,2022,202209,1069,1812
Saarland,10,2022,202210,1534,2328
Saarland,11,2022,202211,1158,2309
Saarland,12,2022,202212,1083,2115
Saarland,13,2022,202213,880,2234
Saarland,14,2022,202214,950,1945
Saarland,15,2022,202215,549,919
Saarland,16,2022,202216,436,848
Saarland,17,2022,202217,503,939
Saarland,18,2022,202218,404,702
Saarland,19,2022,202219,283,511
Saarland,20,2022,202220,140,354
Saarland,21,2022,202221,137,363
Saarland,22,2022,202222,80,209
Saarland,23,2021,202123,0,1
Saarland,23,2022,202223,95,233
Saarland,24,2022,202224,38,257
Saarland,25,2021,202125,0,1
Saarland,25,2022,202225,120,379
Saarland,26,2022,202226,120,300
Saarland,27,2022,202227,89,340
Saarland,28,2022,202228,199,718
Saarland,29,2022,202229,253,568
Saarland,30,2022,202230,167,411
Saarland,31,2022,202231,152,303
Saarland,32,2022,202232,61,188
Saarland,33,2022,202233,82,230
Saarland,34,2022,202234,52,394
Saarland,35,2021,202135,1,0
Saarland,35,2022,202235,50,201
Saarland,36,2021,202136,0,15
Saarland,36,2022,202236,81,172
Saarland,37,2021,202137,0,2
Saarland,37,2022,202237,247,257
Saarland,38,2021,202138,1,7
Saarland,38,2022,202238,214,219
Saarland,39,2021,202139,0,6
Saarland,39,2022,202239,187,197
Saarland,40,2021,202140,10,4
Saarland,41,2021,202141,57,59
Saarland,41,2022,202241,25,25
Saarland,42,2021,202142,54,81
Saarland,42,2022,202242,0,3
Saarland,43,2021,202143,100,108
Saarland,44,2021,202144,125,197
Saarland,45,2021,202145,260,283
Saarland,46,2021,202146,742,724
Saarland,47,2021,202147,2226,4042
Saarland,48,2021,202148,21909,34145
Saarland,49,2021,202149,37622,52254
Saarland,50,2021,202150,33214,48834
Saarland,50,2022,202250,6,6
Saarland,51,2021,202151,14674,23424
Saarland,52,2021,202152,7518,20474
Sachsen,1,2022,202201,39337,64421
Sachsen,2,2022,202202,38170,59403
Sachsen,2,2023,202302,1,1
Sachsen,3,2022,202203,25680,39130
Sachsen,4,2022,202204,15539,23736
Sachsen,5,2022,202205,8458,12814
Sachsen,6,2022,202206,6432,9220
Sachsen,7,2022,202207,2391,4187
Sachsen,8,2022,202208,1913,3437
Sachsen,9,2022,202209,2335,3496
Sachsen,10,2022,202210,2143,3125
Sachsen,11,2022,202211,1956,2952
Sachsen,12,2022,202212,1566,2427
Sachsen,13,2022,202213,1857,2770
Sachsen,14,2022,202214,1628,2247
Sachsen,15,2022,202215,789,1120
Sachsen,16,2022,202216,508,951
Sachsen,17,2022,202217,1014,1470
Sachsen,18,2022,202218,619,893
Sachsen,19,2022,202219,676,943
Sachsen,20,2022,202220,432,681
Sachsen,21,2022,202221,147,291
Sachsen,22,2021,202122,0,1
Sachsen,22,2022,202222,210,432
Sachsen,23,2021,202123,0,3
Sachsen,23,2022,202223,190,338
Sachsen,24,2021,202124,0,8
Sachsen,24,2022,202224,254,482
Sachsen,25,2021,202125,0,2
Sachsen,25,2022,202225,321,586
Sachsen,26,2022,202226,356,587
Sachsen,27,2021,202127,0,1
Sachsen,27,2022,202227,257,492
Sachsen,28,2021,202128,0,3
Sachsen,28,2022,202228,417,906
Sachsen,29,2021,202129,0,2
Sachsen,29,2022,202229,361,422
Sachsen,30,2021,202130,0,6
Sachsen,30,2022,202230,262,309
Sachsen,31,2021,202131,0,3
Sachsen,31,2022,202231,109,403
Sachsen,32,2021,202132,0,3
Sachsen,32,2022,202232,144,355
Sachsen,33,2021,202133,0,4
Sachsen,33,2022,202233,276,454
Sachsen,34,2021,202134,0,1
Sachsen,34,2022,202234,130,350
Sachsen,35,2021,202135,3,18
Sachsen,35,2022,202235,150,263
Sachsen,36,2021,202136,15,56
Sachsen,36,2022,202236,141,209
Sachsen,37,2021,202137,0,76
Sachsen,37,2022,202237,200,212
Sachsen,38,2021,202138,8,143
Sachsen,38,2022,202238,204,232
Sachsen,39,2021,202139,17,68
Sachsen,39,2022,202239,277,297
Sachsen,40,2021,202140,245,341
Sachsen,40,2022,202240,6,9
Sachsen,41,2021,202141,655,809
Sachsen,41,2022,202241,29,39
Sachsen,42,2021,202142,328,476
Sachsen,42,2022,202242,12,16
Sachsen,43,2021,202143,330,1080
Sachsen,43,2022,202243,13,19
Sachsen,44,2021,202144,1478,2384
Sachsen,44,2022,202244,1,3
Sachsen,45,2021,202145,1814,4045
Sachsen,45,2022,202245,6,50
Sachsen,46,2021,202146,2965,5148
Sachsen,46,2022,202246,2,2
Sachsen,47,2021,202147,7186,11016
Sachsen,47,2022,202247,17,18
Sachsen,48,2021,202148,45223,57185
Sachsen,48,2022,202248,4,9
Sachsen,49,2021,202149,76302,101565
Sachsen,49,2022,202249,20,20
Sachsen,50,2021,202150,68914,96286
Sachsen,50,2022,202250,0,5
Sachsen,51,2021,202151,34790,49408
Sachsen,51,2022,202251,0,1
Sachsen,52,2021,202152,15435,36695
Sachsen,52,2022,202252,41,42
Sachsen-Anhalt,1,2022,202201,15443,34134
Sachsen-Anhalt,1,2023,202301,0,1
Sachsen-Anhalt,2,2022,202202,28855,46695
Sachsen-Anhalt,2,2023,202302,5,5
Sachsen-Anhalt,3,2022,202203,22007,33207
Sachsen-Anhalt,4,2022,202204,13127,18899
Sachsen-Anhalt,5,2022,202205,7162,9569
Sachsen-Anhalt,6,2022,202206,4970,6529
Sachsen-Anhalt,7,2022,202207,1582,2467
Sachsen-Anhalt,8,2022,202208,2344,3212
Sachsen-Anhalt,9,2022,202209,1988,2659
Sachsen-Anhalt,10,2022,202210,1606,2303
Sachsen-Anhalt,11,2022,202211,1712,2310
Sachsen-Anhalt,12,2022,202212,1371,1975
Sachsen-Anhalt,13,2022,202213,1055,1704
Sachsen-Anhalt,14,2022,202214,1417,1807
Sachsen-Anhalt,15,2022,202215,537,789
Sachsen-Anhalt,16,2022,202216,834,1245
Sachsen-Anhalt,17,2022,202217,1151,1457
Sachsen-Anhalt,18,2022,202218,672,933
Sachsen-Anhalt,19,2022,202219,605,845
Sachsen-Anhalt,20,2022,202220,495,630
Sachsen-Anhalt,21,2022,202221,92,177
Sachsen-Anhalt,22,2021,202122,0,2
Sachsen-Anhalt,22,2022,202222,300,385
Sachsen-Anhalt,23,2021,202123,0,1
Sachsen-Anhalt,23,2022,202223,191,301
Sachsen-Anhalt,24,2021,202124,0,7
Sachsen-Anhalt,24,2022,202224,283,415
Sachsen-Anhalt,25,2022,202225,329,494
Sachsen-Anhalt,26,2022,202226,230,335
Sachsen-Anhalt,27,2021,202127,0,5
Sachsen-Anhalt,27,2022,202227,237,446
Sachsen-Anhalt,28,2021,202128,0,2
Sachsen-Anhalt,28,2022,202228,374,650
Sachsen-Anhalt,29,2022,202229,234,443
Sachsen-Anhalt,30,2021,202130,0,1
Sachsen-Anhalt,30,2022,202230,225,333
Sachsen-Anhalt,31,2021,202131,0,3
Sachsen-Anhalt,31,2022,202231,75,149
Sachsen-Anhalt,32,2021,202132,0,3
Sachsen-Anhalt,32,2022,202232,59,199
Sachsen-Anhalt,33,2021,202133,0,12
Sachsen-Anhalt,33,2022,202233,105,182
Sachsen-Anhalt,34,2021,202134,0,3
Sachsen-Anhalt,34,2022,202234,115,218
Sachsen-Anhalt,35,2021,202135,0,557
Sachsen-Anhalt,35,2022,202235,113,175
Sachsen-Anhalt,36,2021,202136,0,994
Sachsen-Anhalt,36,2022,202236,160,222
Sachsen-Anhalt,37,2021,202137,55,338
Sachsen-Anhalt,37,2022,202237,133,185
Sachsen-Anhalt,38,2021,202138,4,416
Sachsen-Anhalt,38,2022,202238,308,379
Sachsen-Anhalt,39,2021,202139,16,485
Sachsen-Anhalt,39,2022,202239,189,215
Sachsen-Anhalt,40,2021,202140,111,167
Sachsen-Anhalt,40,2022,202240,49,61
Sachsen-Anhalt,41,2021,202141,153,255
Sachsen-Anhalt,41,2022,202241,34,47
Sachsen-Anhalt,42,2021,202142,215,298
Sachsen-Anhalt,42,2022,202242,55,57
Sachsen-Anhalt,43,2021,202143,203,266
Sachsen-Anhalt,43,2022,202243,18,20
Sachsen-Anhalt,44,2021,202144,417,794
Sachsen-Anhalt,44,2022,202244,15,18
Sachsen-Anhalt,45,2021,202145,710,1717
Sachsen-Anhalt,45,2022,202245,0,7
Sachsen-Anhalt,46,2021,202146,1253,4296
Sachsen-Anhalt,46,2022,202246,0,4
Sachsen-Anhalt,47,2021,202147,3674,13724
Sachsen-Anhalt,47,2022,202247,20,21
Sachsen-Anhalt,48,2021,202148,23239,53274
Sachsen-Anhalt,48,2022,202248,36,39
Sachsen-Anhalt,49,2021,202149,40781,82270
Sachsen-Anhalt,49,2022,202249,20,25
Sachsen-Anhalt,50,2021,202150,41624,79182
Sachsen-Anhalt,50,2022,202250,7,24
Sachsen-Anhalt,51,2021,202151,18955,35797
Sachsen-Anhalt,51,2022,202251,3,5
Sachsen-Anhalt,52,2021,202152,7941,22267
Sachsen-Anhalt,52,2022,202252,0,4
Schleswig-Holstein,1,2022,202201,40732,94295
Schleswig-Holstein,1,2023,202301,0,2
Schleswig-Holstein,2,2022,202202,47210,98822
Schleswig-Holstein,3,2022,202203,31528,67520
Schleswig-Holstein,4,2022,202204,18650,39208
Schleswig-Holstein,5,2022,202205,9902,20589
Schleswig-Holstein,6,2022,202206,9079,15669
Schleswig-Holstein,7,2022,202207,7788,13361
Schleswig-Holstein,8,2022,202208,8741,14450
Schleswig-Holstein,9,2022,202209,10276,17633
Schleswig-Holstein,10,2022,202210,10940,17655
Schleswig-Holstein,11,2022,202211,9184,16657
Schleswig-Holstein,12,2022,202212,11088,17243
Schleswig-Holstein,13,2022,202213,7356,13392
Schleswig-Holstein,14,2022,202214,5391,9223
Schleswig-Holstein,15,2022,202215,3621,5300
Schleswig-Holstein,16,2022,202216,0,2618
Schleswig-Holstein,17,2022,202217,0,2092
Schleswig-Holstein,18,2022,202218,10828,11713
Schleswig-Holstein,19,2022,202219,2252,3473
Schleswig-Holstein,20,2022,202220,1512,2774
Schleswig-Holstein,21,2022,202221,550,1173
Schleswig-Holstein,22,2021,202122,0,3
Schleswig-Holstein,22,2022,202222,935,1974
Schleswig-Holstein,23,2021,202123,0,2
Schleswig-Holstein,23,2022,202223,800,1964
Schleswig-Holstein,24,2021,202124,0,1
Schleswig-Holstein,24,2022,202224,1338,3465
Schleswig-Holstein,25,2021,202125,0,1
Schleswig-Holstein,25,2022,202225,1310,3888
Schleswig-Holstein,26,2021,202126,0,4
Schleswig-Holstein,26,2022,202226,893,2367
Schleswig-Holstein,27,2021,202127,0,4
Schleswig-Holstein,27,2022,202227,931,2578
Schleswig-Holstein,28,2021,202128,0,3
Schleswig-Holstein,28,2022,202228,789,3190
Schleswig-Holstein,29,2021,202129,0,3
Schleswig-Holstein,29,2022,202229,647,2518
Schleswig-Holstein,30,2021,202130,0,4
Schleswig-Holstein,30,2022,202230,690,2057
Schleswig-Holstein,31,2021,202131,0,1
Schleswig-Holstein,31,2022,202231,474,1439
Schleswig-Holstein,32,2021,202132,0,9
Schleswig-Holstein,32,2022,202232,426,1132
Schleswig-Holstein,33,2021,202133,0,5
Schleswig-Holstein,33,2022,202233,566,1139
Schleswig-Holstein,34,2021,202134,0,237
Schleswig-Holstein,34,2022,202234,637,1539
Schleswig-Holstein,35,2021,202135,2,330
Schleswig-Holstein,35,2022,202235,566,1145
Schleswig-Holstein,36,2021,202136,0,642
Schleswig-Holstein,36,2022,202236,292,900
Schleswig-Holstein,37,2021,202137,42,932
Schleswig-Holstein,37,2022,202237,638,772
Schleswig-Holstein,38,2021,202138,2,1086
Schleswig-Holstein,38,2022,202238,790,835
Schleswig-Holstein,39,2021,202139,12,77
Schleswig-Holstein,39,2022,202239,462,729
Schleswig-Holstein,40,2021,202140,134,326
Schleswig-Holstein,40,2022,202240,256,263
Schleswig-Holstein,41,2021,202141,167,299
Schleswig-Holstein,41,2022,202241,50,104
Schleswig-Holstein,42,2021,202142,532,845
Schleswig-Holstein,42,2022,202242,32,36
Schleswig-Holstein,43,2021,202143,754,1662
Schleswig-Holstein,43,2022,202243,42,45
Schleswig-Holstein,44,2021,202144,1138,2187
Schleswig-Holstein,44,2022,202244,15,17
Schleswig-Holstein,45,2021,202145,1505,3542
Schleswig-Holstein,45,2022,202245,48,48
Schleswig-Holstein,46,2021,202146,2450,4666
Schleswig-Holstein,46,2022,202246,18,19
Schleswig-Holstein,47,2021,202147,4555,13116
Schleswig-Holstein,47,2022,202247,10,52
Schleswig-Holstein,48,2021,202148,40414,84575
Schleswig-Holstein,48,2022,202248,13,37
Schleswig-Holstein,49,2021,202149,62874,124370
Schleswig-Holstein,49,2022,202249,1,1
Schleswig-Holstein,50,2021,202150,66395,125131
Schleswig-Holstein,50,2022,202250,5,6
Schleswig-Holstein,51,2021,202151,26113,64395
Schleswig-Holstein,51,2022,202251,3,5
Schleswig-Holstein,52,2021,202152,19115,56950
Thüringen,1,2022,202201,16481,44988
Thüringen,2,2022,202202,18120,38468
Thüringen,3,2022,202203,13337,23241
Thüringen,4,2022,202204,7980,14632
Thüringen,5,2022,202205,4445,8487
Thüringen,6,2022,202206,2839,6207
Thüringen,7,2022,202207,981,2297
Thüringen,8,2022,202208,1131,1925
Thüringen,9,2022,202209,861,1550
Thüringen,10,2022,202210,677,1431
Thüringen,11,2022,202211,570,1359
Thüringen,12,2022,202212,454,1200
Thüringen,13,2022,202213,431,940
Thüringen,14,2022,202214,431,1022
Thüringen,15,2022,202215,229,482
Thüringen,16,2022,202216,89,439
Thüringen,17,2022,202217,329,599
Thüringen,18,2022,202218,199,369
Thüringen,19,2022,202219,179,326
Thüringen,20,2022,202220,178,320
Thüringen,21,2022,202221,65,181
Thüringen,22,2022,202222,68,179
Thüringen,23,2022,202223,129,264
Thüringen,24,2022,202224,43,239
Thüringen,25,2021,202125,0,1
Thüringen,25,2022,202225,117,340
Thüringen,26,2021,202126,0,2
Thüringen,26,2022,202226,36,215
Thüringen,27,2022,202227,96,238
Thüringen,28,2021,202128,0,1
Thüringen,28,2022,202228,71,291
Thüringen,29,2021,202129,0,1
Thüringen,29,2022,202229,110,285
Thüringen,30,2021,202130,0,1
Thüringen,30,2022,202230,73,202
Thüringen,31,2021,202131,0,2
Thüringen,31,2022,202231,79,213
Thüringen,32,2022,202232,8,82
Thüringen,33,2021,202133,0,1
Thüringen,33,2022,202233,21,52
Thüringen,34,2022,202234,39,39
Thüringen,35,2021,202135,0,112
Thüringen,35,2022,202235,37,37
Thüringen,36,2021,202136,4,113
Thüringen,36,2022,202236,32,33
Thüringen,37,2021,202137,0,483
Thüringen,37,2022,202237,24,161
Thüringen,38,2021,202138,0,94
Thüringen,38,2022,202238,23,133
Thüringen,39,2021,202139,0,118
Thüringen,39,2022,202239,68,132
Thüringen,40,2021,202140,23,188
Thüringen,40,2022,202240,0,46
Thüringen,41,2021,202141,127,526
Thüringen,41,2022,202241,0,8
Thüringen,42,2021,202142,37,66
Thüringen,42,2022,202242,0,1
Thüringen,43,2021,202143,110,139
Thüringen,44,2021,202144,133,243
Thüringen,44,2022,202244,15,16
Thüringen,45,2021,202145,354,476
Thüringen,45,2022,202245,7,7
Thüringen,46,2021,202146,574,750
Thüringen,47,2021,202147,1153,3265
Thüringen,48,2021,202148,10015,35597
Thüringen,48,2022,202248,0,6
Thüringen,49,2021,202149,18149,54861
Thüringen,49,2022,202249,0,1
Thüringen,50,2021,202150,18731,57782
Thüringen,50,2022,202250,0,6
Thüringen,51,2021,202151,11575,34721
Thüringen,51,2022,202251,0,4
Thüringen,52,2021,202152,5886,22035
unbekannt,1,2022,202201,572,0
unbekannt,2,2022,202202,1217,0
unbekannt,3,2022,202203,1020,0
unbekannt,4,2022,202204,779,0
unbekannt,5,2022,202205,288,0
unbekannt,6,2022,202206,168,0
unbekannt,7,2022,202207,81,0
unbekannt,8,2022,202208,130,0
unbekannt,9,2022,202209,103,0
unbekannt,10,2022,202210,73,0
unbekannt,11,2022,202211,69,0
unbekannt,12,2022,202212,120,0
unbekannt,13,2022,202213,126,0
unbekannt,14,2022,202214,126,0
unbekannt,15,2022,202215,15,0
unbekannt,16,2022,202216,6,0
unbekannt,17,2022,202217,39,0
unbekannt,18,2022,202218,98,0
unbekannt,19,2022,202219,18,0
unbekannt,20,2022,202220,29,0
unbekannt,21,2022,202221,17,0
unbekannt,22,2022,202222,29,0
unbekannt,23,2022,202223,12,0
unbekannt,24,2022,202224,22,0
unbekannt,26,2022,202226,20,0
unbekannt,27,2022,202227,3,0
unbekannt,28,2022,202228,54,0
unbekannt,29,2022,202229,14,0
unbekannt,30,2022,202230,54,0
unbekannt,31,2022,202231,40,0
unbekannt,32,2022,202232,16,0
unbekannt,33,2022,202233,11,0
unbekannt,34,2022,202234,16,0
unbekannt,35,2022,202235,18,0
unbekannt,36,2022,202236,22,0
unbekannt,37,2021,202137,4,0
unbekannt,37,2022,202237,14,0
unbekannt,38,2022,202238,48,0
unbekannt,39,2022,202239,10,0
unbekannt,43,2021,202143,163,0
unbekannt,47,2021,202147,186,0
unbekannt,47,2022,202247,13,0
unbekannt,48,2021,202148,1156,0
unbekannt,49,2021,202149,2791,0
unbekannt,50,2021,202150,2699,0
unbekannt,51,2021,202151,3355,0
unbekannt,52,2021,202152,1010,0
