Hospitalisierung_Faelle,AnzahlFall,Bev,Bundesland_Id,Altersgruppe,Meldedatum,Bundesland,Anteil_Hosp_an_Faelle,Hosp_Inzidenz_100TEW,treepred
0,3,193234,11,00-04,2020-03-30,Berlin,0,0,0.01974117121144401
1,3,193234,11,00-04,2020-04-06,Berlin,0.333,0.5,0.01974117121144401
0,1,193234,11,00-04,2020-04-13,Berlin,0,0,0.01974117121144401
0,2,193234,11,00-04,2020-05-04,Berlin,0,0,0.01974117121144401
0,1,193234,11,00-04,2020-05-18,Berlin,0,0,0.01974117121144401
0,2,193234,11,00-04,2020-05-25,Berlin,0,0,0.01974117121144401
0,3,193234,11,00-04,2020-06-08,Berlin,0,0,0.01974117121144401
0,2,193234,11,00-04,2020-06-15,Berlin,0,0,0.01974117121144401
0,3,193234,11,00-04,2020-06-22,Berlin,0,0,0.01974117121144401
0,2,193234,11,00-04,2020-06-29,Berlin,0,0,0.01974117121144401
0,4,193234,11,00-04,2020-07-06,Berlin,0,0,0.01974117121144401
0,2,193234,11,00-04,2020-07-20,Berlin,0,0,0.01974117121144401
0,2,193234,11,00-04,2020-07-27,Berlin,0,0,0.01974117121144401
0,3,193234,11,00-04,2020-08-03,Berlin,0,0,0.01974117121144401
0,3,193234,11,00-04,2020-08-10,Berlin,0,0,0.01974117121144401
0,4,193234,11,00-04,2020-08-17,Berlin,0,0,0.01974117121144401
0,1,193234,11,00-04,2020-08-24,Berlin,0,0,0.01974117121144401
0,1,193234,11,00-04,2020-08-31,Berlin,0,0,0.01974117121144401
0,1,193234,11,00-04,2020-09-07,Berlin,0,0,0.01974117121144401
0,2,193234,11,00-04,2020-09-14,Berlin,0,0,0.01974117121144401
0,1,193234,11,00-04,2020-09-21,Berlin,0,0,0.01974117121144401
0,4,193234,11,00-04,2020-09-28,Berlin,0,0,0.01974117121144401
0,6,193234,11,00-04,2020-10-05,Berlin,0,0,0.01974117121144401
0,13,193234,11,00-04,2020-10-12,Berlin,0,0,0.01974117121144401
1,15,193234,11,00-04,2020-10-19,Berlin,0.067,0.5,0.01974117121144401
0,19,193234,11,00-04,2020-10-26,Berlin,0,0,0.01974117121144401
0,22,193234,11,00-04,2020-11-02,Berlin,0,0,0.01974117121144401
0,12,193234,11,00-04,2020-11-09,Berlin,0,0,0.01974117121144401
0,18,193234,11,00-04,2020-11-16,Berlin,0,0,0.01974117121144401
1,24,193234,11,00-04,2020-11-23,Berlin,0.042,0.5,0.01974117121144401
0,16,193234,11,00-04,2020-11-30,Berlin,0,0,0.01974117121144401
0,29,193234,11,00-04,2020-12-07,Berlin,0,0,0.01974117121144401
0,21,193234,11,00-04,2020-12-14,Berlin,0,0,0.01974117121144401
1,21,193234,11,00-04,2020-12-21,Berlin,0.048,0.5,0.01974117121144401
0,12,193234,11,00-04,2020-12-28,Berlin,0,0,0.01974117121144401
1,11,193234,11,00-04,2021-01-04,Berlin,0.091,0.5,0.01974117121144401
1,10,193234,11,00-04,2021-01-11,Berlin,0.1,0.5,0.01974117121144401
1,8,193234,11,00-04,2021-01-18,Berlin,0.125,0.5,0.01974117121144401
0,15,193234,11,00-04,2021-01-25,Berlin,0,0,0.01974117121144401
0,14,193234,11,00-04,2021-02-01,Berlin,0,0,0.01974117121144401
0,8,193234,11,00-04,2021-02-08,Berlin,0,0,0.01974117121144401
0,9,193234,11,00-04,2021-02-15,Berlin,0,0,0.01974117121144401
0,16,193234,11,00-04,2021-02-22,Berlin,0,0,0.01974117121144401
0,17,193234,11,00-04,2021-03-01,Berlin,0,0,0.01974117121144401
1,5,193234,11,00-04,2021-03-08,Berlin,0.2,0.5,0.01974117121144401
0,31,193234,11,00-04,2021-03-15,Berlin,0,0,0.01974117121144401
0,58,193234,11,00-04,2021-03-22,Berlin,0,0,0.01974117121144401
1,49,193234,11,00-04,2021-03-29,Berlin,0.02,0.5,0.01974117121144401
0,14,193234,11,00-04,2021-04-05,Berlin,0,0,0.01974117121144401
1,22,193234,11,00-04,2021-04-12,Berlin,0.045,0.5,0.01974117121144401
0,17,193234,11,00-04,2021-04-19,Berlin,0,0,0.01974117121144401
0,35,193234,11,00-04,2021-04-26,Berlin,0,0,0.01974117121144401
1,24,193234,11,00-04,2021-05-03,Berlin,0.042,0.5,0.01974117121144401
1,15,193234,11,00-04,2021-05-10,Berlin,0.067,0.5,0.01974117121144401
0,20,193234,11,00-04,2021-05-17,Berlin,0,0,0.01974117121144401
0,6,193234,11,00-04,2021-05-24,Berlin,0,0,0.01974117121144401
0,10,193234,11,00-04,2021-05-31,Berlin,0,0,0.01974117121144401
0,9,193234,11,00-04,2021-06-07,Berlin,0,0,0.01974117121144401
0,1,193234,11,00-04,2021-06-14,Berlin,0,0,0.01974117121144401
0,1,193234,11,00-04,2021-06-28,Berlin,0,0,0.01974117121144401
0,2,193234,11,00-04,2021-07-05,Berlin,0,0,0.01974117121144401
0,2,193234,11,00-04,2021-07-12,Berlin,0,0,0.01974117121144401
0,2,193234,11,00-04,2021-07-19,Berlin,0,0,0.01974117121144401
0,3,193234,11,00-04,2021-07-26,Berlin,0,0,0.01974117121144401
0,7,193234,11,00-04,2021-08-02,Berlin,0,0,0.01974117121144401
0,17,193234,11,00-04,2021-08-09,Berlin,0,0,0.01974117121144401
1,21,193234,11,00-04,2021-08-16,Berlin,0.048,0.5,0.01974117121144401
0,18,193234,11,00-04,2021-08-23,Berlin,0,0,0.01974117121144401
0,22,193234,11,00-04,2021-08-30,Berlin,0,0,0.01974117121144401
0,35,193234,11,00-04,2021-09-06,Berlin,0,0,0.01974117121144401
0,27,193234,11,00-04,2021-09-13,Berlin,0,0,0.01974117121144401
0,14,193234,11,00-04,2021-09-20,Berlin,0,0,0.01974117121144401
0,27,193234,11,00-04,2021-09-27,Berlin,0,0,0.01974117121144401
0,20,193234,11,00-04,2021-10-04,Berlin,0,0,0.01974117121144401
0,17,193234,11,00-04,2021-10-11,Berlin,0,0,0.01974117121144401
0,19,193234,11,00-04,2021-10-18,Berlin,0,0,0.01974117121144401
0,28,193234,11,00-04,2021-10-25,Berlin,0,0,0.01974117121144401
1,41,193234,11,00-04,2021-11-01,Berlin,0.024,0.5,0.01974117121144401
1,47,193234,11,00-04,2021-11-08,Berlin,0.021,0.5,0.01974117121144401
0,90,193234,11,00-04,2021-11-15,Berlin,0,0,0.01974117121144401
0,112,193234,11,00-04,2021-11-22,Berlin,0,0,0.01974117121144401
0,96,193234,11,00-04,2021-11-29,Berlin,0,0,0.01974117121144401
1,86,193234,11,00-04,2021-12-06,Berlin,0.012,0.5,0.01974117121144401
0,113,193234,11,00-04,2021-12-13,Berlin,0,0,0.01974117121144401
2,118,193234,11,00-04,2021-12-20,Berlin,0.017,1,0.01974117121144401
1,93,193234,11,00-04,2021-12-27,Berlin,0.011,0.5,0.01974117121144401
1,89,193234,11,00-04,2022-01-03,Berlin,0.011,0.5,0.01974117121144401
1,197,193234,11,00-04,2022-01-10,Berlin,0.005,0.5,0.01974117121144401
1,415,193234,11,00-04,2022-01-17,Berlin,0.002,0.5,0.01974117121144401
1,693,193234,11,00-04,2022-01-24,Berlin,0.001,0.5,0.01974117121144401
1,476,193234,11,00-04,2022-01-31,Berlin,0.002,0.5,0.01974117121144401
0,438,193234,11,00-04,2022-02-07,Berlin,0,0,0.01974117121144401
1,340,193234,11,00-04,2022-02-14,Berlin,0.003,0.5,0.01974117121144401
1,335,193234,11,00-04,2022-02-21,Berlin,0.003,0.5,0.01974117121144401
1,267,193234,11,00-04,2022-02-28,Berlin,0.004,0.5,0.01974117121144401
1,189,193234,11,00-04,2022-03-07,Berlin,0.005,0.5,0.01974117121144401
0,222,193234,11,00-04,2022-03-14,Berlin,0,0,0.01974117121144401
1,206,193234,11,00-04,2022-03-21,Berlin,0.005,0.5,0.01974117121144401
1,160,193234,11,00-04,2022-03-28,Berlin,0.006,0.5,0.01974117121144401
0,1,326311,11,05-14,2020-03-16,Berlin,0,0,0.01974117121144401
0,8,326311,11,05-14,2020-03-23,Berlin,0,0,0.01974117121144401
0,3,326311,11,05-14,2020-03-30,Berlin,0,0,0.01974117121144401
1,5,326311,11,05-14,2020-04-06,Berlin,0.2,0.3,0.01974117121144401
0,3,326311,11,05-14,2020-04-13,Berlin,0,0,0.01974117121144401
0,1,326311,11,05-14,2020-04-27,Berlin,0,0,0.01974117121144401
0,3,326311,11,05-14,2020-05-04,Berlin,0,0,0.01974117121144401
0,6,326311,11,05-14,2020-05-18,Berlin,0,0,0.01974117121144401
0,1,326311,11,05-14,2020-06-08,Berlin,0,0,0.01974117121144401
0,4,326311,11,05-14,2020-06-15,Berlin,0,0,0.01974117121144401
0,13,326311,11,05-14,2020-06-22,Berlin,0,0,0.01974117121144401
0,5,326311,11,05-14,2020-06-29,Berlin,0,0,0.01974117121144401
0,3,326311,11,05-14,2020-07-06,Berlin,0,0,0.01974117121144401
0,1,326311,11,05-14,2020-07-13,Berlin,0,0,0.01974117121144401
0,5,326311,11,05-14,2020-07-27,Berlin,0,0,0.01974117121144401
0,5,326311,11,05-14,2020-08-03,Berlin,0,0,0.01974117121144401
0,20,326311,11,05-14,2020-08-10,Berlin,0,0,0.01974117121144401
0,5,326311,11,05-14,2020-08-17,Berlin,0,0,0.01974117121144401
0,16,326311,11,05-14,2020-08-24,Berlin,0,0,0.01974117121144401
0,7,326311,11,05-14,2020-08-31,Berlin,0,0,0.01974117121144401
0,5,326311,11,05-14,2020-09-07,Berlin,0,0,0.01974117121144401
0,4,326311,11,05-14,2020-09-14,Berlin,0,0,0.01974117121144401
0,12,326311,11,05-14,2020-09-21,Berlin,0,0,0.01974117121144401
0,16,326311,11,05-14,2020-09-28,Berlin,0,0,0.01974117121144401
0,19,326311,11,05-14,2020-10-05,Berlin,0,0,0.01974117121144401
1,36,326311,11,05-14,2020-10-12,Berlin,0.028,0.3,0.01974117121144401
1,58,326311,11,05-14,2020-10-19,Berlin,0.017,0.3,0.01974117121144401
1,58,326311,11,05-14,2020-10-26,Berlin,0.017,0.3,0.01974117121144401
0,79,326311,11,05-14,2020-11-02,Berlin,0,0,0.01974117121144401
1,67,326311,11,05-14,2020-11-09,Berlin,0.015,0.3,0.01974117121144401
1,109,326311,11,05-14,2020-11-16,Berlin,0.009,0.3,0.01974117121144401
1,124,326311,11,05-14,2020-11-23,Berlin,0.008,0.3,0.01974117121144401
1,82,326311,11,05-14,2020-11-30,Berlin,0.012,0.3,0.01974117121144401
1,91,326311,11,05-14,2020-12-07,Berlin,0.011,0.3,0.01974117121144401
0,82,326311,11,05-14,2020-12-14,Berlin,0,0,0.01974117121144401
1,86,326311,11,05-14,2020-12-21,Berlin,0.012,0.3,0.01974117121144401
0,31,326311,11,05-14,2020-12-28,Berlin,0,0,0.01974117121144401
0,42,326311,11,05-14,2021-01-04,Berlin,0,0,0.01974117121144401
0,39,326311,11,05-14,2021-01-11,Berlin,0,0,0.01974117121144401
0,20,326311,11,05-14,2021-01-18,Berlin,0,0,0.01974117121144401
0,25,326311,11,05-14,2021-01-25,Berlin,0,0,0.01974117121144401
0,21,326311,11,05-14,2021-02-01,Berlin,0,0,0.01974117121144401
0,27,326311,11,05-14,2021-02-08,Berlin,0,0,0.01974117121144401
0,24,326311,11,05-14,2021-02-15,Berlin,0,0,0.01974117121144401
0,19,326311,11,05-14,2021-02-22,Berlin,0,0,0.01974117121144401
0,48,326311,11,05-14,2021-03-01,Berlin,0,0,0.01974117121144401
0,3,326311,11,05-14,2021-03-08,Berlin,0,0,0.01974117121144401
0,51,326311,11,05-14,2021-03-15,Berlin,0,0,0.01974117121144401
1,94,326311,11,05-14,2021-03-22,Berlin,0.011,0.3,0.01974117121144401
1,83,326311,11,05-14,2021-03-29,Berlin,0.012,0.3,0.01974117121144401
0,27,326311,11,05-14,2021-04-05,Berlin,0,0,0.01974117121144401
0,52,326311,11,05-14,2021-04-12,Berlin,0,0,0.01974117121144401
0,72,326311,11,05-14,2021-04-19,Berlin,0,0,0.01974117121144401
1,119,326311,11,05-14,2021-04-26,Berlin,0.008,0.3,0.01974117121144401
1,96,326311,11,05-14,2021-05-03,Berlin,0.01,0.3,0.01974117121144401
0,62,326311,11,05-14,2021-05-10,Berlin,0,0,0.01974117121144401
0,44,326311,11,05-14,2021-05-17,Berlin,0,0,0.01974117121144401
0,16,326311,11,05-14,2021-05-24,Berlin,0,0,0.01974117121144401
0,28,326311,11,05-14,2021-05-31,Berlin,0,0,0.01974117121144401
0,20,326311,11,05-14,2021-06-07,Berlin,0,0,0.01974117121144401
0,6,326311,11,05-14,2021-06-14,Berlin,0,0,0.01974117121144401
0,17,326311,11,05-14,2021-06-21,Berlin,0,0,0.01974117121144401
0,1,326311,11,05-14,2021-06-28,Berlin,0,0,0.01974117121144401
0,5,326311,11,05-14,2021-07-05,Berlin,0,0,0.01974117121144401
0,7,326311,11,05-14,2021-07-12,Berlin,0,0,0.01974117121144401
0,12,326311,11,05-14,2021-07-19,Berlin,0,0,0.01974117121144401
0,21,326311,11,05-14,2021-07-26,Berlin,0,0,0.01974117121144401
0,21,326311,11,05-14,2021-08-02,Berlin,0,0,0.01974117121144401
0,65,326311,11,05-14,2021-08-09,Berlin,0,0,0.01974117121144401
0,136,326311,11,05-14,2021-08-16,Berlin,0,0,0.01974117121144401
0,123,326311,11,05-14,2021-08-23,Berlin,0,0,0.01974117121144401
0,131,326311,11,05-14,2021-08-30,Berlin,0,0,0.01974117121144401
1,152,326311,11,05-14,2021-09-06,Berlin,0.007,0.3,0.01974117121144401
0,134,326311,11,05-14,2021-09-13,Berlin,0,0,0.01974117121144401
1,97,326311,11,05-14,2021-09-20,Berlin,0.01,0.3,0.01974117121144401
1,76,326311,11,05-14,2021-09-27,Berlin,0.013,0.3,0.01974117121144401
0,105,326311,11,05-14,2021-10-04,Berlin,0,0,0.01974117121144401
1,134,326311,11,05-14,2021-10-11,Berlin,0.007,0.3,0.01974117121144401
1,138,326311,11,05-14,2021-10-18,Berlin,0.007,0.3,0.01974117121144401
0,119,326311,11,05-14,2021-10-25,Berlin,0,0,0.01974117121144401
1,240,326311,11,05-14,2021-11-01,Berlin,0.004,0.3,0.01974117121144401
1,544,326311,11,05-14,2021-11-08,Berlin,0.002,0.3,0.01974117121144401
2,754,326311,11,05-14,2021-11-15,Berlin,0.003,0.6,0.01974117121144401
2,655,326311,11,05-14,2021-11-22,Berlin,0.003,0.6,0.01974117121144401
1,532,326311,11,05-14,2021-11-29,Berlin,0.002,0.3,0.01974117121144401
1,534,326311,11,05-14,2021-12-06,Berlin,0.002,0.3,0.01974117121144401
1,542,326311,11,05-14,2021-12-13,Berlin,0.002,0.3,0.01974117121144401
2,640,326311,11,05-14,2021-12-20,Berlin,0.003,0.6,0.01974117121144401
1,329,326311,11,05-14,2021-12-27,Berlin,0.003,0.3,0.01974117121144401
1,432,326311,11,05-14,2022-01-03,Berlin,0.002,0.3,0.01974117121144401
2,1010,326311,11,05-14,2022-01-10,Berlin,0.002,0.6,0.01974117121144401
2,1765,326311,11,05-14,2022-01-17,Berlin,0.001,0.6,0.01974117121144401
2,3373,326311,11,05-14,2022-01-24,Berlin,0.001,0.6,0.01974117121144401
2,2347,326311,11,05-14,2022-01-31,Berlin,0.001,0.6,0.01974117121144401
1,1639,326311,11,05-14,2022-02-07,Berlin,0.001,0.3,0.01974117121144401
1,1372,326311,11,05-14,2022-02-14,Berlin,0.001,0.3,0.01974117121144401
0,1187,326311,11,05-14,2022-02-21,Berlin,0,0,0.01974117121144401
2,987,326311,11,05-14,2022-02-28,Berlin,0.002,0.6,0.01974117121144401
1,738,326311,11,05-14,2022-03-07,Berlin,0.001,0.3,0.01974117121144401
0,1023,326311,11,05-14,2022-03-14,Berlin,0,0,0.01974117121144401
1,838,326311,11,05-14,2022-03-21,Berlin,0.001,0.3,0.01974117121144401
1,723,326311,11,05-14,2022-03-28,Berlin,0.001,0.3,0.01974117121144401
0,11,964109,11,15-34,2020-03-09,Berlin,0,0,0.01974117121144401
0,22,964109,11,15-34,2020-03-16,Berlin,0,0,0.01974117121144401
1,70,964109,11,15-34,2020-03-23,Berlin,0.014,0.1,0.01974117121144401
2,49,964109,11,15-34,2020-03-30,Berlin,0.041,0.2,0.01974117121144401
3,45,964109,11,15-34,2020-04-06,Berlin,0.067,0.3,0.01974117121144401
2,16,964109,11,15-34,2020-04-13,Berlin,0.125,0.2,0.01974117121144401
2,13,964109,11,15-34,2020-04-20,Berlin,0.154,0.2,0.01974117121144401
1,11,964109,11,15-34,2020-04-27,Berlin,0.091,0.1,0.01974117121144401
0,17,964109,11,15-34,2020-05-04,Berlin,0,0,0.01974117121144401
1,7,964109,11,15-34,2020-05-11,Berlin,0.143,0.1,0.01974117121144401
0,5,964109,11,15-34,2020-05-18,Berlin,0,0,0.01974117121144401
0,7,964109,11,15-34,2020-05-25,Berlin,0,0,0.01974117121144401
0,1,964109,11,15-34,2020-06-01,Berlin,0,0,0.01974117121144401
0,12,964109,11,15-34,2020-06-08,Berlin,0,0,0.01974117121144401
2,9,964109,11,15-34,2020-06-15,Berlin,0.222,0.2,0.01974117121144401
2,15,964109,11,15-34,2020-06-22,Berlin,0.133,0.2,0.01974117121144401
0,20,964109,11,15-34,2020-06-29,Berlin,0,0,0.01974117121144401
2,6,964109,11,15-34,2020-07-06,Berlin,0.333,0.2,0.01974117121144401
0,12,964109,11,15-34,2020-07-13,Berlin,0,0,0.01974117121144401
0,13,964109,11,15-34,2020-07-20,Berlin,0,0,0.01974117121144401
1,22,964109,11,15-34,2020-07-27,Berlin,0.045,0.1,0.01974117121144401
0,16,964109,11,15-34,2020-08-03,Berlin,0,0,0.01974117121144401
0,34,964109,11,15-34,2020-08-10,Berlin,0,0,0.01974117121144401
0,47,964109,11,15-34,2020-08-17,Berlin,0,0,0.01974117121144401
1,41,964109,11,15-34,2020-08-24,Berlin,0.024,0.1,0.01974117121144401
0,87,964109,11,15-34,2020-08-31,Berlin,0,0,0.01974117121144401
1,92,964109,11,15-34,2020-09-07,Berlin,0.011,0.1,0.01974117121144401
1,53,964109,11,15-34,2020-09-14,Berlin,0.019,0.1,0.01974117121144401
1,100,964109,11,15-34,2020-09-21,Berlin,0.01,0.1,0.01974117121144401
1,85,964109,11,15-34,2020-09-28,Berlin,0.012,0.1,0.01974117121144401
2,143,964109,11,15-34,2020-10-05,Berlin,0.014,0.2,0.01974117121144401
4,254,964109,11,15-34,2020-10-12,Berlin,0.016,0.4,0.01974117121144401
5,318,964109,11,15-34,2020-10-19,Berlin,0.016,0.5,0.01974117121144401
4,403,964109,11,15-34,2020-10-26,Berlin,0.01,0.4,0.01974117121144401
4,543,964109,11,15-34,2020-11-02,Berlin,0.007,0.4,0.01974117121144401
6,555,964109,11,15-34,2020-11-09,Berlin,0.011,0.6,0.01974117121144401
6,591,964109,11,15-34,2020-11-16,Berlin,0.01,0.6,0.01974117121144401
7,523,964109,11,15-34,2020-11-23,Berlin,0.013,0.7,0.01974117121144401
7,365,964109,11,15-34,2020-11-30,Berlin,0.019,0.7,0.01974117121144401
6,376,964109,11,15-34,2020-12-07,Berlin,0.016,0.6,0.01974117121144401
7,480,964109,11,15-34,2020-12-14,Berlin,0.015,0.7,0.01974117121144401
6,420,964109,11,15-34,2020-12-21,Berlin,0.014,0.6,0.01974117121144401
5,291,964109,11,15-34,2020-12-28,Berlin,0.017,0.5,0.01974117121144401
5,278,964109,11,15-34,2021-01-04,Berlin,0.018,0.5,0.01974117121144401
6,390,964109,11,15-34,2021-01-11,Berlin,0.015,0.6,0.01974117121144401
6,177,964109,11,15-34,2021-01-18,Berlin,0.034,0.6,0.01974117121144401
5,159,964109,11,15-34,2021-01-25,Berlin,0.031,0.5,0.01974117121144401
4,165,964109,11,15-34,2021-02-01,Berlin,0.024,0.4,0.01974117121144401
3,116,964109,11,15-34,2021-02-08,Berlin,0.026,0.3,0.01974117121144401
2,89,964109,11,15-34,2021-02-15,Berlin,0.022,0.2,0.01974117121144401
2,104,964109,11,15-34,2021-02-22,Berlin,0.019,0.2,0.01974117121144401
2,140,964109,11,15-34,2021-03-01,Berlin,0.014,0.2,0.01974117121144401
3,26,964109,11,15-34,2021-03-08,Berlin,0.115,0.3,0.01974117121144401
3,228,964109,11,15-34,2021-03-15,Berlin,0.013,0.3,0.01974117121144401
4,289,964109,11,15-34,2021-03-22,Berlin,0.014,0.4,0.01974117121144401
5,226,964109,11,15-34,2021-03-29,Berlin,0.022,0.5,0.01974117121144401
5,105,964109,11,15-34,2021-04-05,Berlin,0.048,0.5,0.01974117121144401
4,281,964109,11,15-34,2021-04-12,Berlin,0.014,0.4,0.01974117121144401
5,302,964109,11,15-34,2021-04-19,Berlin,0.017,0.5,0.01974117121144401
5,302,964109,11,15-34,2021-04-26,Berlin,0.017,0.5,0.01974117121144401
3,238,964109,11,15-34,2021-05-03,Berlin,0.013,0.3,0.01974117121144401
3,214,964109,11,15-34,2021-05-10,Berlin,0.014,0.3,0.01974117121144401
2,163,964109,11,15-34,2021-05-17,Berlin,0.012,0.2,0.01974117121144401
2,21,964109,11,15-34,2021-05-24,Berlin,0.095,0.2,0.01974117121144401
1,75,964109,11,15-34,2021-05-31,Berlin,0.013,0.1,0.01974117121144401
1,42,964109,11,15-34,2021-06-07,Berlin,0.024,0.1,0.01974117121144401
1,27,964109,11,15-34,2021-06-14,Berlin,0.037,0.1,0.01974117121144401
0,21,964109,11,15-34,2021-06-21,Berlin,0,0,0.01974117121144401
0,18,964109,11,15-34,2021-06-28,Berlin,0,0,0.01974117121144401
0,36,964109,11,15-34,2021-07-05,Berlin,0,0,0.01974117121144401
0,69,964109,11,15-34,2021-07-12,Berlin,0,0,0.01974117121144401
1,147,964109,11,15-34,2021-07-19,Berlin,0.007,0.1,0.01974117121144401
2,156,964109,11,15-34,2021-07-26,Berlin,0.013,0.2,0.01974117121144401
1,161,964109,11,15-34,2021-08-02,Berlin,0.006,0.1,0.01974117121144401
2,216,964109,11,15-34,2021-08-09,Berlin,0.009,0.2,0.01974117121144401
3,285,964109,11,15-34,2021-08-16,Berlin,0.011,0.3,0.01974117121144401
2,272,964109,11,15-34,2021-08-23,Berlin,0.007,0.2,0.01974117121144401
3,261,964109,11,15-34,2021-08-30,Berlin,0.011,0.3,0.01974117121144401
4,263,964109,11,15-34,2021-09-06,Berlin,0.015,0.4,0.01974117121144401
1,279,964109,11,15-34,2021-09-13,Berlin,0.004,0.1,0.01974117121144401
3,248,964109,11,15-34,2021-09-20,Berlin,0.012,0.3,0.01974117121144401
3,243,964109,11,15-34,2021-09-27,Berlin,0.012,0.3,0.01974117121144401
3,224,964109,11,15-34,2021-10-04,Berlin,0.013,0.3,0.01974117121144401
2,209,964109,11,15-34,2021-10-11,Berlin,0.01,0.2,0.01974117121144401
3,283,964109,11,15-34,2021-10-18,Berlin,0.011,0.3,0.01974117121144401
3,330,964109,11,15-34,2021-10-25,Berlin,0.009,0.3,0.01974117121144401
4,388,964109,11,15-34,2021-11-01,Berlin,0.01,0.4,0.01974117121144401
3,679,964109,11,15-34,2021-11-08,Berlin,0.004,0.3,0.01974117121144401
4,790,964109,11,15-34,2021-11-15,Berlin,0.005,0.4,0.01974117121144401
4,904,964109,11,15-34,2021-11-22,Berlin,0.004,0.4,0.01974117121144401
5,850,964109,11,15-34,2021-11-29,Berlin,0.006,0.5,0.01974117121144401
4,801,964109,11,15-34,2021-12-06,Berlin,0.005,0.4,0.01974117121144401
4,767,964109,11,15-34,2021-12-13,Berlin,0.005,0.4,0.01974117121144401
4,1006,964109,11,15-34,2021-12-20,Berlin,0.004,0.4,0.01974117121144401
3,925,964109,11,15-34,2021-12-27,Berlin,0.003,0.3,0.01974117121144401
4,1650,964109,11,15-34,2022-01-03,Berlin,0.002,0.4,0.01974117121144401
10,3173,964109,11,15-34,2022-01-10,Berlin,0.003,1,0.01974117121144401
8,3246,964109,11,15-34,2022-01-17,Berlin,0.002,0.8,0.01974117121144401
5,4784,964109,11,15-34,2022-01-24,Berlin,0.001,0.5,0.01974117121144401
4,4363,964109,11,15-34,2022-01-31,Berlin,0.001,0.4,0.01974117121144401
7,3677,964109,11,15-34,2022-02-07,Berlin,0.002,0.7,0.01974117121144401
5,3081,964109,11,15-34,2022-02-14,Berlin,0.002,0.5,0.01974117121144401
2,2956,964109,11,15-34,2022-02-21,Berlin,0.001,0.2,0.01974117121144401
4,2234,964109,11,15-34,2022-02-28,Berlin,0.002,0.4,0.01974117121144401
3,1876,964109,11,15-34,2022-03-07,Berlin,0.002,0.3,0.01974117121144401
5,3773,964109,11,15-34,2022-03-14,Berlin,0.001,0.5,0.01974117121144401
4,3450,964109,11,15-34,2022-03-21,Berlin,0.001,0.4,0.01974117121144401
3,2540,964109,11,15-34,2022-03-28,Berlin,0.001,0.3,0.01974117121144401
0,8,1276145,11,35-59,2020-03-09,Berlin,0,0,0.07891651651651574
2,33,1276145,11,35-59,2020-03-16,Berlin,0.061,0.2,0.07891651651651574
4,60,1276145,11,35-59,2020-03-23,Berlin,0.067,0.3,0.07891651651651574
8,71,1276145,11,35-59,2020-03-30,Berlin,0.113,0.6,0.07891651651651574
12,50,1276145,11,35-59,2020-04-06,Berlin,0.24,0.9,0.07891651651651574
6,17,1276145,11,35-59,2020-04-13,Berlin,0.353,0.5,0.07891651651651574
5,19,1276145,11,35-59,2020-04-20,Berlin,0.263,0.4,0.07891651651651574
4,21,1276145,11,35-59,2020-04-27,Berlin,0.19,0.3,0.07891651651651574
3,14,1276145,11,35-59,2020-05-04,Berlin,0.214,0.2,0.07891651651651574
3,4,1276145,11,35-59,2020-05-11,Berlin,0.75,0.2,0.07891651651651574
1,11,1276145,11,35-59,2020-05-18,Berlin,0.091,0.1,0.07891651651651574
1,8,1276145,11,35-59,2020-05-25,Berlin,0.125,0.1,0.07891651651651574
1,1,1276145,11,35-59,2020-06-01,Berlin,1,0.1,0.07891651651651574
2,10,1276145,11,35-59,2020-06-08,Berlin,0.2,0.2,0.07891651651651574
2,11,1276145,11,35-59,2020-06-15,Berlin,0.182,0.2,0.07891651651651574
2,27,1276145,11,35-59,2020-06-22,Berlin,0.074,0.2,0.07891651651651574
2,16,1276145,11,35-59,2020-06-29,Berlin,0.125,0.2,0.07891651651651574
2,14,1276145,11,35-59,2020-07-06,Berlin,0.143,0.2,0.07891651651651574
1,14,1276145,11,35-59,2020-07-13,Berlin,0.071,0.1,0.07891651651651574
1,11,1276145,11,35-59,2020-07-20,Berlin,0.091,0.1,0.07891651651651574
1,10,1276145,11,35-59,2020-07-27,Berlin,0.1,0.1,0.07891651651651574
1,21,1276145,11,35-59,2020-08-03,Berlin,0.048,0.1,0.07891651651651574
1,29,1276145,11,35-59,2020-08-10,Berlin,0.034,0.1,0.07891651651651574
1,40,1276145,11,35-59,2020-08-17,Berlin,0.025,0.1,0.07891651651651574
1,30,1276145,11,35-59,2020-08-24,Berlin,0.033,0.1,0.07891651651651574
2,27,1276145,11,35-59,2020-08-31,Berlin,0.074,0.2,0.07891651651651574
1,26,1276145,11,35-59,2020-09-07,Berlin,0.038,0.1,0.07891651651651574
2,33,1276145,11,35-59,2020-09-14,Berlin,0.061,0.2,0.07891651651651574
2,62,1276145,11,35-59,2020-09-21,Berlin,0.032,0.2,0.07891651651651574
3,78,1276145,11,35-59,2020-09-28,Berlin,0.038,0.2,0.07891651651651574
4,109,1276145,11,35-59,2020-10-05,Berlin,0.037,0.3,0.07891651651651574
6,210,1276145,11,35-59,2020-10-12,Berlin,0.029,0.5,0.07891651651651574
9,296,1276145,11,35-59,2020-10-19,Berlin,0.03,0.7,0.07891651651651574
12,375,1276145,11,35-59,2020-10-26,Berlin,0.032,0.9,0.07891651651651574
12,526,1276145,11,35-59,2020-11-02,Berlin,0.023,0.9,0.07891651651651574
13,540,1276145,11,35-59,2020-11-09,Berlin,0.024,1,0.07891651651651574
17,576,1276145,11,35-59,2020-11-16,Berlin,0.03,1.3,0.07891651651651574
16,608,1276145,11,35-59,2020-11-23,Berlin,0.026,1.3,0.07891651651651574
17,435,1276145,11,35-59,2020-11-30,Berlin,0.039,1.3,0.07891651651651574
18,499,1276145,11,35-59,2020-12-07,Berlin,0.036,1.4,0.07891651651651574
18,528,1276145,11,35-59,2020-12-14,Berlin,0.034,1.4,0.07891651651651574
19,585,1276145,11,35-59,2020-12-21,Berlin,0.032,1.5,0.07891651651651574
14,423,1276145,11,35-59,2020-12-28,Berlin,0.033,1.1,0.07891651651651574
14,355,1276145,11,35-59,2021-01-04,Berlin,0.039,1.1,0.07891651651651574
19,487,1276145,11,35-59,2021-01-11,Berlin,0.039,1.5,0.07891651651651574
14,250,1276145,11,35-59,2021-01-18,Berlin,0.056,1.1,0.07891651651651574
14,199,1276145,11,35-59,2021-01-25,Berlin,0.07,1.1,0.07891651651651574
10,212,1276145,11,35-59,2021-02-01,Berlin,0.047,0.8,0.07891651651651574
11,146,1276145,11,35-59,2021-02-08,Berlin,0.075,0.9,0.07891651651651574
6,142,1276145,11,35-59,2021-02-15,Berlin,0.042,0.5,0.07891651651651574
8,155,1276145,11,35-59,2021-02-22,Berlin,0.052,0.6,0.07891651651651574
8,187,1276145,11,35-59,2021-03-01,Berlin,0.043,0.6,0.07891651651651574
8,21,1276145,11,35-59,2021-03-08,Berlin,0.381,0.6,0.07891651651651574
8,253,1276145,11,35-59,2021-03-15,Berlin,0.032,0.6,0.07891651651651574
12,316,1276145,11,35-59,2021-03-22,Berlin,0.038,0.9,0.07891651651651574
12,310,1276145,11,35-59,2021-03-29,Berlin,0.039,0.9,0.07891651651651574
11,131,1276145,11,35-59,2021-04-05,Berlin,0.084,0.9,0.07891651651651574
15,339,1276145,11,35-59,2021-04-12,Berlin,0.044,1.2,0.07891651651651574
14,318,1276145,11,35-59,2021-04-19,Berlin,0.044,1.1,0.07891651651651574
14,344,1276145,11,35-59,2021-04-26,Berlin,0.041,1.1,0.07891651651651574
11,269,1276145,11,35-59,2021-05-03,Berlin,0.041,0.9,0.07891651651651574
8,207,1276145,11,35-59,2021-05-10,Berlin,0.039,0.6,0.07891651651651574
7,151,1276145,11,35-59,2021-05-17,Berlin,0.046,0.5,0.07891651651651574
6,28,1276145,11,35-59,2021-05-24,Berlin,0.214,0.5,0.07891651651651574
3,69,1276145,11,35-59,2021-05-31,Berlin,0.043,0.2,0.07891651651651574
2,38,1276145,11,35-59,2021-06-07,Berlin,0.053,0.2,0.07891651651651574
1,23,1276145,11,35-59,2021-06-14,Berlin,0.043,0.1,0.07891651651651574
1,13,1276145,11,35-59,2021-06-21,Berlin,0.077,0.1,0.07891651651651574
1,16,1276145,11,35-59,2021-06-28,Berlin,0.062,0.1,0.07891651651651574
1,22,1276145,11,35-59,2021-07-05,Berlin,0.045,0.1,0.07891651651651574
1,27,1276145,11,35-59,2021-07-12,Berlin,0.037,0.1,0.07891651651651574
1,51,1276145,11,35-59,2021-07-19,Berlin,0.02,0.1,0.07891651651651574
1,59,1276145,11,35-59,2021-07-26,Berlin,0.017,0.1,0.07891651651651574
2,88,1276145,11,35-59,2021-08-02,Berlin,0.023,0.2,0.07891651651651574
4,132,1276145,11,35-59,2021-08-09,Berlin,0.03,0.3,0.07891651651651574
5,176,1276145,11,35-59,2021-08-16,Berlin,0.028,0.4,0.07891651651651574
5,172,1276145,11,35-59,2021-08-23,Berlin,0.029,0.4,0.07891651651651574
6,196,1276145,11,35-59,2021-08-30,Berlin,0.031,0.5,0.07891651651651574
4,223,1276145,11,35-59,2021-09-06,Berlin,0.018,0.3,0.07891651651651574
5,234,1276145,11,35-59,2021-09-13,Berlin,0.021,0.4,0.07891651651651574
5,186,1276145,11,35-59,2021-09-20,Berlin,0.027,0.4,0.07891651651651574
5,199,1276145,11,35-59,2021-09-27,Berlin,0.025,0.4,0.07891651651651574
5,219,1276145,11,35-59,2021-10-04,Berlin,0.023,0.4,0.07891651651651574
7,235,1276145,11,35-59,2021-10-11,Berlin,0.03,0.5,0.07891651651651574
5,309,1276145,11,35-59,2021-10-18,Berlin,0.016,0.4,0.07891651651651574
7,325,1276145,11,35-59,2021-10-25,Berlin,0.022,0.5,0.07891651651651574
9,418,1276145,11,35-59,2021-11-01,Berlin,0.022,0.7,0.07891651651651574
8,736,1276145,11,35-59,2021-11-08,Berlin,0.011,0.6,0.07891651651651574
7,936,1276145,11,35-59,2021-11-15,Berlin,0.007,0.5,0.07891651651651574
10,1106,1276145,11,35-59,2021-11-22,Berlin,0.009,0.8,0.07891651651651574
12,1003,1276145,11,35-59,2021-11-29,Berlin,0.012,0.9,0.07891651651651574
10,961,1276145,11,35-59,2021-12-06,Berlin,0.01,0.8,0.07891651651651574
10,917,1276145,11,35-59,2021-12-13,Berlin,0.011,0.8,0.07891651651651574
10,998,1276145,11,35-59,2021-12-20,Berlin,0.01,0.8,0.07891651651651574
6,874,1276145,11,35-59,2021-12-27,Berlin,0.007,0.5,0.07891651651651574
7,1282,1276145,11,35-59,2022-01-03,Berlin,0.005,0.5,0.07891651651651574
9,2194,1276145,11,35-59,2022-01-10,Berlin,0.004,0.7,0.07891651651651574
9,2660,1276145,11,35-59,2022-01-17,Berlin,0.003,0.7,0.07891651651651574
7,4619,1276145,11,35-59,2022-01-24,Berlin,0.002,0.5,0.07891651651651574
8,4483,1276145,11,35-59,2022-01-31,Berlin,0.002,0.6,0.07891651651651574
7,4167,1276145,11,35-59,2022-02-07,Berlin,0.002,0.5,0.07891651651651574
10,3530,1276145,11,35-59,2022-02-14,Berlin,0.003,0.8,0.07891651651651574
8,3507,1276145,11,35-59,2022-02-21,Berlin,0.002,0.6,0.07891651651651574
5,2598,1276145,11,35-59,2022-02-28,Berlin,0.002,0.4,0.07891651651651574
5,2069,1276145,11,35-59,2022-03-07,Berlin,0.002,0.4,0.07891651651651574
4,3722,1276145,11,35-59,2022-03-14,Berlin,0.001,0.3,0.07891651651651574
6,3538,1276145,11,35-59,2022-03-21,Berlin,0.002,0.5,0.07891651651651574
3,2832,1276145,11,35-59,2022-03-28,Berlin,0.001,0.2,0.07891651651651574
0,2,698465,11,60-79,2020-03-09,Berlin,0,0,0.16301639344262295
1,5,698465,11,60-79,2020-03-16,Berlin,0.2,0.1,0.16301639344262295
3,15,698465,11,60-79,2020-03-23,Berlin,0.2,0.4,0.16301639344262295
8,30,698465,11,60-79,2020-03-30,Berlin,0.267,1.1,0.16301639344262295
13,28,698465,11,60-79,2020-04-06,Berlin,0.464,1.9,0.6467894736842106
11,12,698465,11,60-79,2020-04-13,Berlin,0.917,1.6,0.6467894736842106
8,8,698465,11,60-79,2020-04-20,Berlin,1,1.1,0.6467894736842106
7,15,698465,11,60-79,2020-04-27,Berlin,0.467,1,0.6467894736842106
7,8,698465,11,60-79,2020-05-04,Berlin,0.875,1,0.6467894736842106
3,1,698465,11,60-79,2020-05-11,Berlin,3,0.4,0.6467894736842106
1,6,698465,11,60-79,2020-05-18,Berlin,0.167,0.1,0.6467894736842106
2,2,698465,11,60-79,2020-05-25,Berlin,1,0.3,0.2791760299625468
1,3,698465,11,60-79,2020-06-08,Berlin,0.333,0.1,0.2791760299625468
1,3,698465,11,60-79,2020-06-15,Berlin,0.333,0.1,0.2791760299625468
1,5,698465,11,60-79,2020-06-22,Berlin,0.2,0.1,0.2791760299625468
0,8,698465,11,60-79,2020-06-29,Berlin,0,0,0.2791760299625468
1,3,698465,11,60-79,2020-07-06,Berlin,0.333,0.1,0.2791760299625468
0,3,698465,11,60-79,2020-07-20,Berlin,0,0,0.2791760299625468
1,2,698465,11,60-79,2020-07-27,Berlin,0.5,0.1,0.2791760299625468
1,2,698465,11,60-79,2020-08-03,Berlin,0.5,0.1,0.2791760299625468
1,6,698465,11,60-79,2020-08-10,Berlin,0.167,0.1,0.2791760299625468
1,3,698465,11,60-79,2020-08-17,Berlin,0.333,0.1,0.2791760299625468
1,6,698465,11,60-79,2020-08-24,Berlin,0.167,0.1,0.2791760299625468
1,3,698465,11,60-79,2020-08-31,Berlin,0.333,0.1,0.2791760299625468
1,5,698465,11,60-79,2020-09-07,Berlin,0.2,0.1,0.2791760299625468
1,3,698465,11,60-79,2020-09-14,Berlin,0.333,0.1,0.2791760299625468
2,15,698465,11,60-79,2020-09-21,Berlin,0.133,0.3,0.2791760299625468
3,16,698465,11,60-79,2020-09-28,Berlin,0.188,0.4,0.2791760299625468
3,27,698465,11,60-79,2020-10-05,Berlin,0.111,0.4,0.2791760299625468
6,63,698465,11,60-79,2020-10-12,Berlin,0.095,0.9,0.2791760299625468
9,67,698465,11,60-79,2020-10-19,Berlin,0.134,1.3,0.2791760299625468
12,103,698465,11,60-79,2020-10-26,Berlin,0.117,1.7,0.2791760299625468
18,157,698465,11,60-79,2020-11-02,Berlin,0.115,2.6,0.2791760299625468
22,174,698465,11,60-79,2020-11-09,Berlin,0.126,3.1,0.2791760299625468
28,197,698465,11,60-79,2020-11-16,Berlin,0.142,4,0.2791760299625468
28,193,698465,11,60-79,2020-11-23,Berlin,0.145,4,0.2791760299625468
29,158,698465,11,60-79,2020-11-30,Berlin,0.184,4.2,0.2791760299625468
29,195,698465,11,60-79,2020-12-07,Berlin,0.149,4.2,0.2791760299625468
41,220,698465,11,60-79,2020-12-14,Berlin,0.186,5.9,0.2791760299625468
43,265,698465,11,60-79,2020-12-21,Berlin,0.162,6.2,0.2791760299625468
34,186,698465,11,60-79,2020-12-28,Berlin,0.183,4.9,0.2791760299625468
35,171,698465,11,60-79,2021-01-04,Berlin,0.205,5,0.2791760299625468
44,220,698465,11,60-79,2021-01-11,Berlin,0.2,6.3,0.2791760299625468
33,101,698465,11,60-79,2021-01-18,Berlin,0.327,4.7,0.2791760299625468
30,115,698465,11,60-79,2021-01-25,Berlin,0.261,4.3,0.2791760299625468
25,122,698465,11,60-79,2021-02-01,Berlin,0.205,3.6,0.2791760299625468
23,72,698465,11,60-79,2021-02-08,Berlin,0.319,3.3,0.2791760299625468
18,62,698465,11,60-79,2021-02-15,Berlin,0.29,2.6,0.2791760299625468
14,78,698465,11,60-79,2021-02-22,Berlin,0.179,2,0.2791760299625468
17,75,698465,11,60-79,2021-03-01,Berlin,0.227,2.4,0.2791760299625468
15,12,698465,11,60-79,2021-03-08,Berlin,1.25,2.1,0.2791760299625468
13,89,698465,11,60-79,2021-03-15,Berlin,0.146,1.9,0.2791760299625468
12,100,698465,11,60-79,2021-03-22,Berlin,0.12,1.7,0.2791760299625468
15,97,698465,11,60-79,2021-03-29,Berlin,0.155,2.1,0.2791760299625468
20,36,698465,11,60-79,2021-04-05,Berlin,0.556,2.9,0.2791760299625468
14,98,698465,11,60-79,2021-04-12,Berlin,0.143,2,0.2791760299625468
14,122,698465,11,60-79,2021-04-19,Berlin,0.115,2,0.2791760299625468
19,102,698465,11,60-79,2021-04-26,Berlin,0.186,2.7,0.2791760299625468
12,66,698465,11,60-79,2021-05-03,Berlin,0.182,1.7,0.2791760299625468
9,49,698465,11,60-79,2021-05-10,Berlin,0.184,1.3,0.2791760299625468
6,30,698465,11,60-79,2021-05-17,Berlin,0.2,0.9,0.2791760299625468
5,8,698465,11,60-79,2021-05-24,Berlin,0.625,0.7,0.2791760299625468
2,15,698465,11,60-79,2021-05-31,Berlin,0.133,0.3,0.2791760299625468
2,6,698465,11,60-79,2021-06-07,Berlin,0.333,0.3,0.2791760299625468
1,4,698465,11,60-79,2021-06-14,Berlin,0.25,0.1,0.2791760299625468
1,7,698465,11,60-79,2021-06-21,Berlin,0.143,0.1,0.2791760299625468
0,3,698465,11,60-79,2021-06-28,Berlin,0,0,0.2791760299625468
0,6,698465,11,60-79,2021-07-05,Berlin,0,0,0.2791760299625468
0,2,698465,11,60-79,2021-07-12,Berlin,0,0,0.2791760299625468
0,5,698465,11,60-79,2021-07-19,Berlin,0,0,0.2791760299625468
0,9,698465,11,60-79,2021-07-26,Berlin,0,0,0.2791760299625468
1,8,698465,11,60-79,2021-08-02,Berlin,0.125,0.1,0.2791760299625468
1,18,698465,11,60-79,2021-08-09,Berlin,0.056,0.1,0.2791760299625468
2,15,698465,11,60-79,2021-08-16,Berlin,0.133,0.3,0.2791760299625468
2,24,698465,11,60-79,2021-08-23,Berlin,0.083,0.3,0.2791760299625468
4,39,698465,11,60-79,2021-08-30,Berlin,0.103,0.6,0.2791760299625468
3,41,698465,11,60-79,2021-09-06,Berlin,0.073,0.4,0.2791760299625468
5,37,698465,11,60-79,2021-09-13,Berlin,0.135,0.7,0.2791760299625468
3,36,698465,11,60-79,2021-09-20,Berlin,0.083,0.4,0.2791760299625468
4,36,698465,11,60-79,2021-09-27,Berlin,0.111,0.6,0.2791760299625468
3,42,698465,11,60-79,2021-10-04,Berlin,0.071,0.4,0.2791760299625468
5,52,698465,11,60-79,2021-10-11,Berlin,0.096,0.7,0.2791760299625468
5,79,698465,11,60-79,2021-10-18,Berlin,0.063,0.7,0.2791760299625468
12,90,698465,11,60-79,2021-10-25,Berlin,0.133,1.7,0.2791760299625468
11,118,698465,11,60-79,2021-11-01,Berlin,0.093,1.6,0.2791760299625468
11,157,698465,11,60-79,2021-11-08,Berlin,0.07,1.6,0.124
14,224,698465,11,60-79,2021-11-15,Berlin,0.062,2,0.124
12,291,698465,11,60-79,2021-11-22,Berlin,0.041,1.7,0.124
12,290,698465,11,60-79,2021-11-29,Berlin,0.041,1.7,0.124
13,222,698465,11,60-79,2021-12-06,Berlin,0.059,1.9,0.124
15,209,698465,11,60-79,2021-12-13,Berlin,0.072,2.1,0.124
10,200,698465,11,60-79,2021-12-20,Berlin,0.05,1.4,0.124
9,159,698465,11,60-79,2021-12-27,Berlin,0.057,1.3,0.124
8,219,698465,11,60-79,2022-01-03,Berlin,0.037,1.1,0.124
7,325,698465,11,60-79,2022-01-10,Berlin,0.022,1,0.124
9,416,698465,11,60-79,2022-01-17,Berlin,0.022,1.3,0.07912499999999995
8,669,698465,11,60-79,2022-01-24,Berlin,0.012,1.1,0.07912499999999995
10,647,698465,11,60-79,2022-01-31,Berlin,0.015,1.4,0.07912499999999995
11,699,698465,11,60-79,2022-02-07,Berlin,0.016,1.6,0.07912499999999995
11,689,698465,11,60-79,2022-02-14,Berlin,0.016,1.6,0.07912499999999995
7,646,698465,11,60-79,2022-02-21,Berlin,0.011,1,0.07912499999999995
9,483,698465,11,60-79,2022-02-28,Berlin,0.019,1.3,0.07912499999999995
8,461,698465,11,60-79,2022-03-07,Berlin,0.017,1.1,0.07912499999999995
10,806,698465,11,60-79,2022-03-14,Berlin,0.012,1.4,0.07912499999999995
8,795,698465,11,60-79,2022-03-21,Berlin,0.01,1.1,0.07912499999999995
9,742,698465,11,60-79,2022-03-28,Berlin,0.012,1.3,0.07912499999999995
0,2,211227,11,80+,2020-03-16,Berlin,0,0,0.5568516129032257
1,6,211227,11,80+,2020-03-23,Berlin,0.167,0.5,0.5568516129032257
6,12,211227,11,80+,2020-03-30,Berlin,0.5,2.8,0.5568516129032257
7,11,211227,11,80+,2020-04-06,Berlin,0.636,3.3,0.5568516129032257
11,9,211227,11,80+,2020-04-13,Berlin,1.222,5.2,0.5568516129032257
5,5,211227,11,80+,2020-04-20,Berlin,1,2.4,0.5568516129032257
7,8,211227,11,80+,2020-04-27,Berlin,0.875,3.3,0.5568516129032257
4,7,211227,11,80+,2020-05-04,Berlin,0.571,1.9,0.5568516129032257
3,5,211227,11,80+,2020-05-11,Berlin,0.6,1.4,0.5568516129032257
1,4,211227,11,80+,2020-05-18,Berlin,0.25,0.5,0.5568516129032257
2,3,211227,11,80+,2020-05-25,Berlin,0.667,0.9,0.5568516129032257
1,2,211227,11,80+,2020-06-15,Berlin,0.5,0.5,0.3538729729729731
0,2,211227,11,80+,2020-06-29,Berlin,0,0,0.3538729729729731
1,3,211227,11,80+,2020-07-06,Berlin,0.333,0.5,0.3538729729729731
0,1,211227,11,80+,2020-07-20,Berlin,0,0,0.3538729729729731
0,2,211227,11,80+,2020-08-10,Berlin,0,0,0.3538729729729731
0,1,211227,11,80+,2020-09-07,Berlin,0,0,0.3538729729729731
1,1,211227,11,80+,2020-09-14,Berlin,1,0.5,0.3538729729729731
1,1,211227,11,80+,2020-09-21,Berlin,1,0.5,0.3538729729729731
1,4,211227,11,80+,2020-09-28,Berlin,0.25,0.5,0.3538729729729731
2,8,211227,11,80+,2020-10-05,Berlin,0.25,0.9,0.3538729729729731
4,11,211227,11,80+,2020-10-12,Berlin,0.364,1.9,0.3538729729729731
3,22,211227,11,80+,2020-10-19,Berlin,0.136,1.4,0.3538729729729731
8,54,211227,11,80+,2020-10-26,Berlin,0.148,3.8,0.3538729729729731
18,82,211227,11,80+,2020-11-02,Berlin,0.22,8.5,0.3538729729729731
21,72,211227,11,80+,2020-11-09,Berlin,0.292,9.9,0.3538729729729731
21,112,211227,11,80+,2020-11-16,Berlin,0.188,9.9,0.3538729729729731
22,119,211227,11,80+,2020-11-23,Berlin,0.185,10.4,0.3538729729729731
35,114,211227,11,80+,2020-11-30,Berlin,0.307,16.6,0.3538729729729731
35,125,211227,11,80+,2020-12-07,Berlin,0.28,16.6,0.3538729729729731
39,189,211227,11,80+,2020-12-14,Berlin,0.206,18.5,0.3538729729729731
42,192,211227,11,80+,2020-12-21,Berlin,0.219,19.9,0.3538729729729731
40,210,211227,11,80+,2020-12-28,Berlin,0.19,18.9,0.3538729729729731
34,148,211227,11,80+,2021-01-04,Berlin,0.23,16.1,0.3538729729729731
44,191,211227,11,80+,2021-01-11,Berlin,0.23,20.8,0.3538729729729731
40,90,211227,11,80+,2021-01-18,Berlin,0.444,18.9,0.3538729729729731
29,91,211227,11,80+,2021-01-25,Berlin,0.319,13.7,0.6249016393442622
24,85,211227,11,80+,2021-02-01,Berlin,0.282,11.4,0.6249016393442622
23,48,211227,11,80+,2021-02-08,Berlin,0.479,10.9,0.6249016393442622
21,45,211227,11,80+,2021-02-15,Berlin,0.467,9.9,0.6249016393442622
16,49,211227,11,80+,2021-02-22,Berlin,0.327,7.6,0.6249016393442622
12,42,211227,11,80+,2021-03-01,Berlin,0.286,5.7,0.6249016393442622
10,7,211227,11,80+,2021-03-08,Berlin,1.429,4.7,0.6249016393442622
8,28,211227,11,80+,2021-03-15,Berlin,0.286,3.8,0.6249016393442622
6,25,211227,11,80+,2021-03-22,Berlin,0.24,2.8,0.6249016393442622
8,17,211227,11,80+,2021-03-29,Berlin,0.471,3.8,0.6249016393442622
6,8,211227,11,80+,2021-04-05,Berlin,0.75,2.8,0.6249016393442622
7,15,211227,11,80+,2021-04-12,Berlin,0.467,3.3,0.6249016393442622
6,8,211227,11,80+,2021-04-19,Berlin,0.75,2.8,0.6249016393442622
5,22,211227,11,80+,2021-04-26,Berlin,0.227,2.4,0.6249016393442622
3,8,211227,11,80+,2021-05-03,Berlin,0.375,1.4,0.6249016393442622
3,9,211227,11,80+,2021-05-10,Berlin,0.333,1.4,0.6249016393442622
2,5,211227,11,80+,2021-05-17,Berlin,0.4,0.9,0.6249016393442622
1,4,211227,11,80+,2021-05-31,Berlin,0.25,0.5,0.6249016393442622
1,2,211227,11,80+,2021-06-07,Berlin,0.5,0.5,0.6249016393442622
0,1,211227,11,80+,2021-06-14,Berlin,0,0,0.3879756097560974
0,1,211227,11,80+,2021-06-28,Berlin,0,0,0.3879756097560974
0,1,211227,11,80+,2021-07-05,Berlin,0,0,0.3879756097560974
0,2,211227,11,80+,2021-07-19,Berlin,0,0,0.3879756097560974
1,2,211227,11,80+,2021-07-26,Berlin,0.5,0.5,0.3879756097560974
1,1,211227,11,80+,2021-08-02,Berlin,1,0.5,0.3879756097560974
1,5,211227,11,80+,2021-08-09,Berlin,0.2,0.5,0.3879756097560974
1,6,211227,11,80+,2021-08-16,Berlin,0.167,0.5,0.3879756097560974
2,4,211227,11,80+,2021-08-23,Berlin,0.5,0.9,0.3879756097560974
2,13,211227,11,80+,2021-08-30,Berlin,0.154,0.9,0.3879756097560974
2,5,211227,11,80+,2021-09-06,Berlin,0.4,0.9,0.3879756097560974
2,11,211227,11,80+,2021-09-13,Berlin,0.182,0.9,0.3879756097560974
2,12,211227,11,80+,2021-09-20,Berlin,0.167,0.9,0.3879756097560974
3,17,211227,11,80+,2021-09-27,Berlin,0.176,1.4,0.3879756097560974
3,10,211227,11,80+,2021-10-04,Berlin,0.3,1.4,0.3879756097560974
3,23,211227,11,80+,2021-10-11,Berlin,0.13,1.4,0.3879756097560974
5,29,211227,11,80+,2021-10-18,Berlin,0.172,2.4,0.3879756097560974
8,25,211227,11,80+,2021-10-25,Berlin,0.32,3.8,0.3879756097560974
9,35,211227,11,80+,2021-11-01,Berlin,0.257,4.3,0.3879756097560974
9,47,211227,11,80+,2021-11-08,Berlin,0.191,4.3,0.33971518987341776
10,47,211227,11,80+,2021-11-15,Berlin,0.213,4.7,0.33971518987341776
9,63,211227,11,80+,2021-11-22,Berlin,0.143,4.3,0.33971518987341776
9,55,211227,11,80+,2021-11-29,Berlin,0.164,4.3,0.33971518987341776
9,43,211227,11,80+,2021-12-06,Berlin,0.209,4.3,0.33971518987341776
10,47,211227,11,80+,2021-12-13,Berlin,0.213,4.7,0.33971518987341776
9,42,211227,11,80+,2021-12-20,Berlin,0.214,4.3,0.33971518987341776
6,38,211227,11,80+,2021-12-27,Berlin,0.158,2.8,0.33971518987341776
4,46,211227,11,80+,2022-01-03,Berlin,0.087,1.9,0.33971518987341776
9,91,211227,11,80+,2022-01-10,Berlin,0.099,4.3,0.33971518987341776
9,78,211227,11,80+,2022-01-17,Berlin,0.115,4.3,0.07912499999999995
7,186,211227,11,80+,2022-01-24,Berlin,0.038,3.3,0.07912499999999995
7,185,211227,11,80+,2022-01-31,Berlin,0.038,3.3,0.07912499999999995
9,218,211227,11,80+,2022-02-07,Berlin,0.041,4.3,0.07912499999999995
14,184,211227,11,80+,2022-02-14,Berlin,0.076,6.6,0.07912499999999995
10,149,211227,11,80+,2022-02-21,Berlin,0.067,4.7,0.07912499999999995
12,187,211227,11,80+,2022-02-28,Berlin,0.064,5.7,0.07912499999999995
9,142,211227,11,80+,2022-03-07,Berlin,0.063,4.3,0.07912499999999995
11,216,211227,11,80+,2022-03-14,Berlin,0.051,5.2,0.07912499999999995
11,223,211227,11,80+,2022-03-21,Berlin,0.049,5.2,0.07912499999999995
11,188,211227,11,80+,2022-03-28,Berlin,0.059,5.2,0.07912499999999995
0,21,2938719,0,alle,2020-03-09,Gesamt,0,0,0.07949137159808906
3,63,3476257,0,alle,2020-03-16,Gesamt,0.06257818251067168,0.1,0.10288844035675493
9,159,3476257,0,alle,2020-03-23,Gesamt,0.07881095960396485,0.3,0.10288844035675493
24,168,3669491,0,alle,2020-03-30,Gesamt,0.129673709241963,0.7,0.0985099367969901
37,142,3669491,0,alle,2020-04-06,Gesamt,0.2613189014498196,1,0.19059316155239636
30,58,3669491,0,alle,2020-04-13,Gesamt,0.40049276834307534,0.8,0.19059316155239636
20,45,3149946,0,alle,2020-04-20,Gesamt,0.4424808936407164,0.6,0.218773104104329
19,56,3476257,0,alle,2020-04-27,Gesamt,0.24198678319813527,0.5,0.20009027684092182
14,51,3669491,0,alle,2020-05-04,Gesamt,0.2738424816956902,0.4,0.19059316155239636
10,17,3149946,0,alle,2020-05-11,Gesamt,1.0530680643414205,0.3,0.218773104104329
3,33,3669491,0,alle,2020-05-18,Gesamt,0.07782539867245893,0.1,0.19059316155239636
5,22,3343180,0,alle,2020-05-25,Gesamt,0.2987788674256247,0.1,0.13046650365515322
1,2,2240254,0,alle,2020-06-01,Gesamt,0.5696429958388647,0,0.053449992190824365
3,29,3458264,0,alle,2020-06-08,Gesamt,0.14105859037945048,0.1,0.09397566853493632
6,31,3669491,0,alle,2020-06-15,Gesamt,0.21378794306894333,0.2,0.1089361434140226
5,63,3458264,0,alle,2020-06-22,Gesamt,0.10477922651364963,0.1,0.09397566853493632
2,53,3669491,0,alle,2020-06-29,Gesamt,0.04347145830307255,0.1,0.1089361434140226
6,33,3669491,0,alle,2020-07-06,Gesamt,0.2197755677831067,0.2,0.1089361434140226
1,27,2566565,0,alle,2020-07-13,Gesamt,0.03530255224395252,0,0.049164279932376764
1,30,3343180,0,alle,2020-07-20,Gesamt,0.03473614791904713,0,0.11764201643743015
3,41,3458264,0,alle,2020-07-27,Gesamt,0.15043151853068476,0.1,0.09397566853493632
2,47,3458264,0,alle,2020-08-03,Gesamt,0.11869754882796688,0.1,0.09397566853493632
2,94,3669491,0,alle,2020-08-10,Gesamt,0.04361165758411726,0.1,0.1089361434140226
2,99,3458264,0,alle,2020-08-17,Gesamt,0.07648128367296424,0.1,0.09397566853493632
3,94,3458264,0,alle,2020-08-24,Gesamt,0.0525972152501949,0.1,0.09397566853493632
3,125,3458264,0,alle,2020-08-31,Gesamt,0.0945629295507804,0.1,0.09397566853493632
3,130,3669491,0,alle,2020-09-07,Gesamt,0.05417419173394893,0.1,0.1089361434140226
5,96,3669491,0,alle,2020-09-14,Gesamt,0.1471535864238392,0.1,0.1089361434140226
6,191,3669491,0,alle,2020-09-21,Gesamt,0.09663481256664753,0.2,0.1089361434140226
8,203,3669491,0,alle,2020-09-28,Gesamt,0.06654355822101758,0.2,0.1089361434140226
11,312,3669491,0,alle,2020-10-05,Gesamt,0.052064783916897464,0.3,0.1089361434140226
21,587,3669491,0,alle,2020-10-12,Gesamt,0.05581467838454979,0.6,0.1089361434140226
28,776,3669491,0,alle,2020-10-19,Gesamt,0.05301150513790605,0.8,0.1089361434140226
37,1012,3669491,0,alle,2020-10-26,Gesamt,0.04605734637310733,1,0.1089361434140226
52,1409,3669491,0,alle,2020-11-02,Gesamt,0.04439131012993355,1.4,0.1089361434140226
63,1420,3669491,0,alle,2020-11-09,Gesamt,0.053362228712374546,1.7,0.1089361434140226
73,1603,3669491,0,alle,2020-11-16,Gesamt,0.051711516665390374,2,0.1089361434140226
75,1591,3669491,0,alle,2020-11-23,Gesamt,0.05362976036730979,2,0.1089361434140226
89,1170,3669491,0,alle,2020-11-30,Gesamt,0.07231730695074604,2.4,0.1089361434140226
89,1315,3669491,0,alle,2020-12-07,Gesamt,0.06218062123602428,2.4,0.1089361434140226
105,1520,3669491,0,alle,2020-12-14,Gesamt,0.06302722012398995,2.9,0.1089361434140226
112,1569,3669491,0,alle,2020-12-21,Gesamt,0.06184377424552888,3.1,0.1089361434140226
93,1153,3669491,0,alle,2020-12-28,Gesamt,0.06171288143232945,2.5,0.1089361434140226
89,1005,3669491,0,alle,2021-01-04,Gesamt,0.07534435865900747,2.4,0.1089361434140226
114,1337,3669491,0,alle,2021-01-11,Gesamt,0.07407836672715644,3.1,0.1089361434140226
94,646,3669491,0,alle,2021-01-18,Gesamt,0.1227911225289829,2.6,0.1089361434140226
78,604,3669491,0,alle,2021-01-25,Gesamt,0.1005311927458059,2.1,0.12453737315177324
63,619,3669491,0,alle,2021-02-01,Gesamt,0.07790420251746086,1.7,0.12453737315177324
60,417,3669491,0,alle,2021-02-08,Gesamt,0.12120639538290189,1.6,0.12453737315177324
47,371,3669491,0,alle,2021-02-15,Gesamt,0.1024682570416442,1.3,0.12453737315177324
40,421,3669491,0,alle,2021-02-22,Gesamt,0.07597077496579226,1.1,0.12453737315177324
39,509,3669491,0,alle,2021-03-01,Gesamt,0.07830356798803977,1.1,0.12453737315177324
37,74,3669491,0,alle,2021-03-08,Gesamt,0.49343497858422325,1,0.12453737315177324
32,680,3669491,0,alle,2021-03-15,Gesamt,0.05879749234975641,0.9,0.12453737315177324
35,882,3669491,0,alle,2021-03-22,Gesamt,0.05452819941512324,1,0.12453737315177324
42,782,3669491,0,alle,2021-03-29,Gesamt,0.07807907336467101,1.1,0.12453737315177324
42,321,3669491,0,alle,2021-04-05,Gesamt,0.19082761124090508,1.1,0.12453737315177324
41,807,3669491,0,alle,2021-04-12,Gesamt,0.07545104757035785,1.1,0.12453737315177324
39,839,3669491,0,alle,2021-04-19,Gesamt,0.08483028245606815,1.1,0.12453737315177324
44,924,3669491,0,alle,2021-04-26,Gesamt,0.0679073214786465,1.2,0.12453737315177324
31,701,3669491,0,alle,2021-05-03,Gesamt,0.07700388282734581,0.8,0.12453737315177324
24,556,3669491,0,alle,2021-05-10,Gesamt,0.07496135295058634,0.7,0.12453737315177324
17,413,3669491,0,alle,2021-05-17,Gesamt,0.08024431126823857,0.5,0.12453737315177324
13,79,3458264,0,alle,2021-05-24,Gesamt,0.23168445497509735,0.4,0.09397566853493632
7,201,3669491,0,alle,2021-05-31,Gesamt,0.058076241909300226,0.2,0.12453737315177324
6,117,3669491,0,alle,2021-06-07,Gesamt,0.1169035830855015,0.2,0.12453737315177324
3,62,3669491,0,alle,2021-06-14,Gesamt,0.07226138938615737,0.1,0.11089919432756591
2,58,3265030,0,alle,2021-06-21,Gesamt,0.060686627687953854,0.1,0.0983690826401077
1,40,3669491,0,alle,2021-06-28,Gesamt,0.021561843318323986,0,0.11089919432756591
1,72,3669491,0,alle,2021-07-05,Gesamt,0.01564972498910612,0,0.11089919432756591
1,107,3458264,0,alle,2021-07-12,Gesamt,0.013653487703657095,0,0.09397566853493632
2,219,3669491,0,alle,2021-07-19,Gesamt,0.008794588404767855,0.1,0.11089919432756591
4,250,3669491,0,alle,2021-07-26,Gesamt,0.03810920424658352,0.1,0.11089919432756591
5,286,3669491,0,alle,2021-08-02,Gesamt,0.0909311711079275,0.1,0.11089919432756591
8,453,3669491,0,alle,2021-08-09,Gesamt,0.034969637750848825,0.2,0.11089919432756591
12,639,3669491,0,alle,2021-08-16,Gesamt,0.05008412474645666,0.3,0.11089919432756591
11,613,3669491,0,alle,2021-08-23,Gesamt,0.056504584150771864,0.3,0.11089919432756591
15,662,3669491,0,alle,2021-08-30,Gesamt,0.042141143553697226,0.4,0.11089919432756591
14,719,3669491,0,alle,2021-09-06,Gesamt,0.04774372440210372,0.4,0.11089919432756591
13,722,3669491,0,alle,2021-09-13,Gesamt,0.04452703930872157,0.4,0.11089919432756591
14,593,3669491,0,alle,2021-09-20,Gesamt,0.038843490009922356,0.4,0.11089919432756591
16,598,3669491,0,alle,2021-09-27,Gesamt,0.04426241759415679,0.4,0.11089919432756591
14,620,3669491,0,alle,2021-10-04,Gesamt,0.042197641852780125,0.4,0.11089919432756591
18,670,3669491,0,alle,2021-10-11,Gesamt,0.039439193882748316,0.5,0.11089919432756591
19,857,3669491,0,alle,2021-10-18,Gesamt,0.030969427367446872,0.5,0.11089919432756591
30,917,3669491,0,alle,2021-10-25,Gesamt,0.05375150286511126,0.8,0.11089919432756591
35,1240,3669491,0,alle,2021-11-01,Gesamt,0.04439354776997682,1,0.11089919432756591
33,2210,3669491,0,alle,2021-11-08,Gesamt,0.030478743237141063,0.9,0.07858437751009749
37,2841,3669491,0,alle,2021-11-15,Gesamt,0.028077102246605864,1,0.07858437751009749
37,3131,3669491,0,alle,2021-11-22,Gesamt,0.02048327683594264,1,0.07858437751009749
39,2826,3669491,0,alle,2021-11-29,Gesamt,0.02317196281446119,1.1,0.07858437751009749
38,2647,3669491,0,alle,2021-12-06,Gesamt,0.028862123656932255,1,0.07858437751009749
40,2595,3669491,0,alle,2021-12-13,Gesamt,0.03128270187881643,1.1,0.07858437751009749
37,3004,3669491,0,alle,2021-12-20,Gesamt,0.027526331308620186,1,0.07858437751009749
26,2418,3669491,0,alle,2021-12-27,Gesamt,0.024013199650850758,0.7,0.07858437751009749
25,3718,3669491,0,alle,2022-01-03,Gesamt,0.015072142975687909,0.7,0.07858437751009749
38,6990,3669491,0,alle,2022-01-10,Gesamt,0.01250674875616264,1,0.07858437751009749
38,8580,3669491,0,alle,2022-01-17,Gesamt,0.012570344769887703,1,0.05504233832499185
30,14324,3669491,0,alle,2022-01-24,Gesamt,0.005571385786203046,0.8,0.05504233832499185
32,12501,3669491,0,alle,2022-01-31,Gesamt,0.0061950769193874575,0.9,0.05504233832499185
35,10838,3669491,0,alle,2022-02-07,Gesamt,0.0067155270308606844,1,0.05504233832499185
42,9196,3669491,0,alle,2022-02-14,Gesamt,0.00923598341023319,1.1,0.05504233832499185
28,8780,3669491,0,alle,2022-02-21,Gesamt,0.007066763483000776,0.8,0.05504233832499185
33,6756,3669491,0,alle,2022-02-28,Gesamt,0.008910071996361348,0.9,0.05504233832499185
27,5475,3669491,0,alle,2022-03-07,Gesamt,0.00843555550347446,0.7,0.05504233832499185
30,9762,3669491,0,alle,2022-03-14,Gesamt,0.005830348405269287,0.8,0.05504233832499185
31,9050,3669491,0,alle,2022-03-21,Gesamt,0.0060345298571382235,0.8,0.05504233832499185
28,7185,3669491,0,alle,2022-03-28,Gesamt,0.006695735730105346,0.8,0.05504233832499185
